n,C(n2),mu_bound,density,orbits_K,certified,fallback,witness
6,15,6,0.400000,2,1,0,"p=3 q=2: 2x3"
10,45,20,0.444444,2,1,0,"p=5 q=2: 2x5"
12,66,18,0.272727,2,1,0,"p=2 q=3: 3x4"
14,91,42,0.461538,2,1,0,"p=7 q=2: 2x7"
15,105,30,0.285714,2,1,0,"p=5 q=3: 3x5"
18,153,72,0.470588,2,1,0,"p=3 q=2: 2x9"
20,190,40,0.210526,3,1,0,"p=5 q=2: 4x5"
21,210,63,0.300000,2,1,0,"p=7 q=3: 3x7"
22,231,110,0.476190,2,1,0,"p=11 q=2: 2x11"
24,276,84,0.304348,2,1,0,"p=2 q=3: 3x8"
26,325,156,0.480000,2,1,0,"p=13 q=2: 2x13"
28,378,84,0.222222,3,1,0,"p=7 q=2: 4x7"
30,435,78,0.179310,3,1,0,"p=13 q=2: 1x17* + 1x13   (* foreign)"
33,528,165,0.312500,2,1,0,"p=11 q=3: 3x11"
34,561,272,0.484848,2,1,0,"p=17 q=2: 2x17"
35,595,120,0.201681,3,1,0,"p=2 q=3: 1x19* + 1x16   (* foreign)"
36,630,144,0.228571,3,1,0,"p=3 q=2: 4x9"
38,703,342,0.486486,2,1,0,"p=19 q=2: 2x19"
39,741,234,0.315789,2,1,0,"p=13 q=3: 3x13"
40,780,140,0.179487,3,1,0,"p=2 q=5: 5x8"
42,861,171,0.198606,3,1,0,"p=19 q=11: 1x23* + 1x19   (* foreign)"
44,946,220,0.232558,3,1,0,"p=11 q=2: 4x11"
45,990,180,0.181818,3,1,0,"p=3 q=5: 5x9"
46,1035,506,0.488889,2,1,0,"p=23 q=2: 2x23"
48,1128,360,0.319149,2,1,0,"p=2 q=3: 3x16"
50,1225,600,0.489796,2,1,0,"p=5 q=2: 2x25"
51,1275,408,0.320000,2,1,0,"p=17 q=3: 3x17"
52,1326,312,0.235294,3,1,0,"p=13 q=2: 4x13"
54,1431,702,0.490566,2,1,0,"p=3 q=2: 2x27"
55,1485,275,0.185185,3,1,0,"p=11 q=5: 5x11"
56,1540,203,0.131818,3,1,0,"p=3 q=7: 1x29* + 1x27   (* foreign)"
57,1596,513,0.321429,2,1,0,"p=19 q=3: 3x19"
58,1653,812,0.491228,2,1,0,"p=29 q=2: 2x29"
60,1770,253,0.142938,3,1,0,"p=23 q=3: 1x37* + 1x23   (* foreign)"
62,1891,930,0.491803,2,1,0,"p=31 q=2: 2x31"
63,1953,252,0.129032,3,1,0,"p=3 q=7: 7x9"
65,2080,390,0.187500,3,1,0,"p=13 q=5: 5x13"
66,2145,333,0.155245,3,1,0,"p=29 q=3: 1x37* + 1x29   (* foreign)"
68,2278,544,0.238806,3,1,0,"p=17 q=2: 4x17"
69,2346,759,0.323529,2,1,0,"p=23 q=3: 3x23"
70,2415,301,0.124638,3,1,0,"p=3 q=7: 1x43* + 1x27   (* foreign)"
72,2556,301,0.117762,3,1,0,"p=29 q=7: 1x43* + 1x29   (* foreign)"
74,2701,1332,0.493151,2,1,0,"p=37 q=2: 2x37"
75,2775,900,0.324324,2,1,0,"p=5 q=3: 3x25"
76,2850,684,0.240000,3,1,0,"p=19 q=2: 4x19"
77,2926,385,0.131579,3,1,0,"p=11 q=7: 7x11"
78,3003,465,0.154845,3,1,0,"p=31 q=23: 1x47* + 1x31   (* foreign)"
80,3160,600,0.189873,3,1,0,"p=2 q=5: 5x16"
82,3321,1640,0.493827,2,1,0,"p=41 q=2: 2x41"
84,3486,666,0.191050,3,1,0,"p=37 q=23: 1x47* + 1x37   (* foreign)"
85,3570,680,0.190476,3,1,0,"p=17 q=5: 5x17"
86,3655,1806,0.494118,2,1,0,"p=43 q=2: 2x43"
87,3741,1218,0.325581,2,1,0,"p=29 q=3: 3x29"
88,3828,820,0.214211,3,1,0,"p=41 q=23: 1x47* + 1x41   (* foreign)"
90,4005,903,0.225468,3,1,0,"p=43 q=23: 1x47* + 1x43   (* foreign)"
91,4095,546,0.133333,3,1,0,"p=13 q=7: 7x13"
92,4186,1012,0.241758,3,1,0,"p=23 q=2: 4x23"
93,4278,1395,0.326087,2,1,0,"p=31 q=3: 3x31"
94,4371,2162,0.494624,2,1,0,"p=47 q=2: 2x47"
95,4465,855,0.191489,3,1,0,"p=19 q=5: 5x19"
96,4560,1488,0.326316,2,1,0,"p=2 q=3: 3x32"
98,4753,2352,0.494845,2,1,0,"p=7 q=2: 2x49"
99,4851,496,0.102247,4,1,0,"p=2 q=11: 1x67* + 1x32   (* foreign)"
100,4950,1200,0.242424,3,1,0,"p=5 q=2: 4x25"
102,5151,903,0.175306,3,1,0,"p=43 q=29: 1x59* + 1x43   (* foreign)"
104,5356,666,0.124347,3,1,0,"p=37 q=11: 1x67* + 1x37   (* foreign)"
105,5460,496,0.090842,4,1,0,"p=2 q=3: 1x73* + 1x32   (* foreign)"
106,5565,2756,0.495238,2,1,0,"p=53 q=2: 2x53"
108,5778,1404,0.242991,3,1,0,"p=3 q=2: 4x27"
110,5995,737,0.122936,3,1,0,"p=43 q=11: 1x67* + 1x43   (* foreign)"
111,6105,1998,0.327273,2,1,0,"p=37 q=3: 3x37"
112,6216,1378,0.221686,3,1,0,"p=53 q=29: 1x59* + 1x53   (* foreign)"
114,6441,1081,0.167831,3,1,0,"p=67 q=23: 1x67 + 1x47*   (* foreign)"
115,6555,1265,0.192982,3,1,0,"p=23 q=5: 5x23"
116,6670,1624,0.243478,3,1,0,"p=29 q=2: 4x29"
117,6786,702,0.103448,4,1,0,"p=13 q=3: 9x13"
118,6903,3422,0.495726,2,1,0,"p=59 q=2: 2x59"
119,7021,952,0.135593,3,1,0,"p=17 q=7: 7x17"
120,7140,1711,0.239636,3,1,0,"p=61 q=29: 1x61 + 1x59*   (* foreign)"
122,7381,3660,0.495868,2,1,0,"p=61 q=2: 2x61"
123,7503,2460,0.327869,2,1,0,"p=41 q=3: 3x41"
124,7626,1860,0.243902,3,1,0,"p=31 q=2: 4x31"
126,7875,1711,0.217270,3,1,0,"p=67 q=29: 1x67 + 1x59*   (* foreign)"
129,8256,2709,0.328125,2,1,0,"p=43 q=3: 3x43"
130,8385,1711,0.204055,3,1,0,"p=71 q=29: 1x71 + 1x59*   (* foreign)"
132,8646,1711,0.197895,3,1,0,"p=73 q=29: 1x73 + 1x59*   (* foreign)"
133,8778,1197,0.136364,3,1,0,"p=19 q=7: 7x19"
134,8911,4422,0.496241,2,1,0,"p=67 q=2: 2x67"
135,9045,1755,0.194030,3,1,0,"p=3 q=5: 5x27"
136,9180,1378,0.150109,3,1,0,"p=53 q=41: 1x83* + 1x53   (* foreign)"
138,9453,1711,0.181001,3,1,0,"p=79 q=29: 1x79 + 1x59*   (* foreign)"
140,9730,1711,0.175848,3,1,0,"p=3 q=29: 1x81 + 1x59*   (* foreign)"
141,9870,3243,0.328571,2,1,0,"p=47 q=3: 3x47"
142,10011,4970,0.496454,2,1,0,"p=71 q=2: 2x71"
143,10153,1027,0.101152,4,1,0,"p=2 q=13: 1x79* + 1x64   (* foreign)"
144,10296,1830,0.177739,3,1,0,"p=61 q=41: 1x83* + 1x61   (* foreign)"
145,10440,2030,0.194444,3,1,0,"p=29 q=5: 5x29"
146,10585,5256,0.496552,2,1,0,"p=73 q=2: 2x73"
147,10731,3528,0.328767,2,1,0,"p=7 q=3: 3x49"
148,10878,2664,0.244898,3,1,0,"p=37 q=2: 4x37"
150,11175,2211,0.197852,3,1,0,"p=67 q=41: 1x83* + 1x67   (* foreign)"
152,11476,1368,0.119205,3,1,0,"p=19 q=2: 8x19"
153,11628,1224,0.105263,4,1,0,"p=17 q=3: 9x17"
154,11781,2485,0.210933,3,1,0,"p=71 q=41: 1x83* + 1x71   (* foreign)"
155,11935,2325,0.194805,3,1,0,"p=31 q=5: 5x31"
156,12090,2628,0.217370,3,1,0,"p=73 q=41: 1x83* + 1x73   (* foreign)"
158,12403,6162,0.496815,2,1,0,"p=79 q=2: 2x79"
159,12561,4134,0.329114,2,1,0,"p=53 q=3: 3x53"
160,12720,2480,0.194969,3,1,0,"p=2 q=5: 5x32"
161,12880,1771,0.137500,3,1,0,"p=23 q=7: 7x23"
162,13041,6480,0.496894,2,1,0,"p=3 q=2: 2x81"
164,13366,3280,0.245399,3,1,0,"p=41 q=2: 4x41"
165,13530,2016,0.149002,3,1,0,"p=2 q=5: 1x101* + 1x64   (* foreign)"
166,13695,6806,0.496970,2,1,0,"p=83 q=2: 2x83"
168,14028,2211,0.157613,3,1,0,"p=67 q=5: 1x101* + 1x67   (* foreign)"
170,14365,1830,0.127393,3,1,0,"p=61 q=3: 1x109* + 1x61   (* foreign)"
171,14535,2016,0.138700,3,1,0,"p=2 q=53: 1x107* + 1x64   (* foreign)"
172,14706,3612,0.245614,3,1,0,"p=43 q=2: 4x43"
174,15051,2525,0.167763,3,1,0,"p=73 q=5: 1x101* + 1x73   (* foreign)"
175,15225,2100,0.137931,3,1,0,"p=5 q=7: 7x25"
176,15400,2211,0.143571,3,1,0,"p=67 q=3: 1x109* + 1x67   (* foreign)"
177,15576,5133,0.329545,2,1,0,"p=59 q=3: 3x59"
178,15753,7832,0.497175,2,1,0,"p=89 q=2: 2x89"
180,16110,3403,0.211235,3,1,0,"p=97 q=41: 1x97 + 1x83*   (* foreign)"
182,16471,2628,0.159553,3,1,0,"p=73 q=3: 1x109* + 1x73   (* foreign)"
183,16653,5490,0.329670,2,1,0,"p=61 q=3: 3x61"
184,16836,3403,0.202126,3,1,0,"p=101 q=41: 1x101 + 1x83*   (* foreign)"
185,17020,3330,0.195652,3,1,0,"p=37 q=5: 5x37"
186,17205,3403,0.197791,3,1,0,"p=103 q=41: 1x103 + 1x83*   (* foreign)"
187,17391,1711,0.098384,4,1,0,"p=2 q=29: 1x128 + 1x59*   (* foreign)"
188,17578,4324,0.245989,3,1,0,"p=47 q=2: 4x47"
189,17766,2457,0.138298,3,1,0,"p=3 q=7: 7x27"
190,17955,3403,0.189529,3,1,0,"p=83 q=53: 1x107* + 1x83   (* foreign)"
192,18336,6048,0.329843,2,1,0,"p=2 q=3: 3x64"
194,18721,9312,0.497409,2,1,0,"p=97 q=2: 2x97"
195,18915,1703,0.090034,4,1,0,"p=2 q=13: 1x131* + 1x64   (* foreign)"
196,19110,4704,0.246154,3,1,0,"p=7 q=2: 4x49"
198,19503,2943,0.150900,3,1,0,"p=89 q=3: 1x109* + 1x89   (* foreign)"
200,19900,2400,0.120603,3,1,0,"p=5 q=2: 8x25"
201,20100,6633,0.330000,2,1,0,"p=67 q=3: 3x67"
202,20301,10100,0.497512,2,1,0,"p=101 q=2: 2x101"
203,20503,2842,0.138614,3,1,0,"p=29 q=7: 7x29"
204,20706,4656,0.224862,3,1,0,"p=97 q=53: 1x107* + 1x97   (* foreign)"
205,20910,4100,0.196078,3,1,0,"p=41 q=5: 5x41"
206,21115,10506,0.497561,2,1,0,"p=103 q=2: 2x103"
207,21321,2277,0.106796,4,1,0,"p=23 q=3: 9x23"
208,21528,5050,0.234578,3,1,0,"p=101 q=53: 1x107* + 1x101   (* foreign)"
209,21736,1881,0.086538,4,1,0,"p=19 q=11: 11x19"
210,21945,5253,0.239371,3,1,0,"p=103 q=53: 1x107* + 1x103   (* foreign)"
212,22366,5512,0.246445,3,1,0,"p=53 q=2: 4x53"
213,22578,7455,0.330189,2,1,0,"p=71 q=3: 3x71"
214,22791,11342,0.497653,2,1,0,"p=107 q=2: 2x107"
215,23005,4515,0.196262,3,1,0,"p=43 q=5: 5x43"
216,23220,5671,0.244229,3,1,0,"p=109 q=53: 1x109 + 1x107*   (* foreign)"
217,23436,3255,0.138889,3,1,0,"p=31 q=7: 7x31"
218,23653,11772,0.497696,2,1,0,"p=109 q=2: 2x109"
219,23871,7884,0.330275,2,1,0,"p=73 q=3: 3x73"
220,24090,5671,0.235409,3,1,0,"p=113 q=53: 1x113 + 1x107*   (* foreign)"
221,24310,2016,0.082929,4,1,0,"p=2 q=13: 1x157* + 1x64   (* foreign)"
222,24531,3403,0.138722,3,1,0,"p=139 q=41: 1x139 + 1x83*   (* foreign)"
224,24976,3472,0.139013,3,1,0,"p=2 q=7: 7x32"
225,25200,2700,0.107143,4,1,0,"p=5 q=3: 9x25"
226,25425,12656,0.497778,2,1,0,"p=113 q=2: 2x113"
228,25878,5671,0.219144,3,1,0,"p=11 q=53: 1x121 + 1x107*   (* foreign)"
230,26335,3240,0.123030,3,1,0,"p=3 q=37: 1x149* + 1x81   (* foreign)"
231,26565,2016,0.075889,4,1,0,"p=2 q=83: 1x167* + 1x64   (* foreign)"
232,26796,5671,0.211636,3,1,0,"p=5 q=53: 1x125 + 1x107*   (* foreign)"
234,27261,5671,0.208026,3,1,0,"p=127 q=53: 1x127 + 1x107*   (* foreign)"
235,27495,5671,0.206256,3,1,0,"p=2 q=53: 1x128 + 1x107*   (* foreign)"
236,27730,6844,0.246809,3,1,0,"p=59 q=2: 4x59"
237,27966,9243,0.330508,2,1,0,"p=79 q=3: 3x79"
238,28203,5671,0.201078,3,1,0,"p=131 q=53: 1x131 + 1x107*   (* foreign)"
240,28680,3775,0.131625,3,1,0,"p=89 q=5: 1x151* + 1x89   (* foreign)"
242,29161,14520,0.497925,2,1,0,"p=11 q=2: 2x121"
244,29646,7320,0.246914,3,1,0,"p=61 q=2: 4x61"
245,29890,5880,0.196721,3,1,0,"p=7 q=5: 5x49"
246,30135,5671,0.188186,3,1,0,"p=139 q=53: 1x139 + 1x107*   (* foreign)"
247,30381,2525,0.083111,4,1,0,"p=73 q=5: 1x101* + 1x73 + 1x73   (* foreign)"
248,30628,3775,0.123253,3,1,0,"p=97 q=5: 1x151* + 1x97   (* foreign)"
249,30876,10209,0.330645,2,1,0,"p=83 q=3: 3x83"
250,31125,15500,0.497992,2,1,0,"p=5 q=2: 2x125"
252,31626,5253,0.166098,3,1,0,"p=103 q=37: 1x149* + 1x103   (* foreign)"
253,31878,2783,0.087302,4,1,0,"p=23 q=11: 11x23"
254,32131,16002,0.498024,2,1,0,"p=127 q=2: 2x127"
255,32385,2628,0.081149,4,1,0,"p=73 q=3: 1x109* + 1x73 + 1x73   (* foreign)"
258,33153,5671,0.171055,3,1,0,"p=151 q=53: 1x151 + 1x107*   (* foreign)"
259,33411,4662,0.139535,3,1,0,"p=37 q=7: 7x37"
260,33670,4656,0.138283,3,1,0,"p=97 q=3: 1x163* + 1x97   (* foreign)"
261,33930,3654,0.107692,4,1,0,"p=29 q=3: 9x29"
262,34191,17030,0.498084,2,1,0,"p=131 q=2: 2x131"
264,34716,5671,0.163354,3,1,0,"p=157 q=53: 1x157 + 1x107*   (* foreign)"
265,34980,6890,0.196970,3,1,0,"p=53 q=5: 5x53"
266,35245,5253,0.149042,3,1,0,"p=103 q=3: 1x163* + 1x103   (* foreign)"
267,35511,11748,0.330827,2,1,0,"p=89 q=3: 3x89"
268,35778,8844,0.247191,3,1,0,"p=67 q=2: 4x67"
270,36315,5671,0.156161,3,1,0,"p=107 q=3: 1x163* + 1x107   (* foreign)"
272,36856,5886,0.159703,3,1,0,"p=109 q=3: 1x163* + 1x109   (* foreign)"
273,37128,3403,0.091656,4,1,0,"p=83 q=53: 1x107* + 1x83 + 1x83   (* foreign)"
274,37401,18632,0.498168,2,1,0,"p=137 q=2: 2x137"
275,37675,3300,0.087591,4,1,0,"p=5 q=11: 11x25"
276,37950,6328,0.166746,3,1,0,"p=113 q=3: 1x163* + 1x113   (* foreign)"
278,38503,19182,0.498195,2,1,0,"p=139 q=2: 2x139"
279,38781,4185,0.107914,4,1,0,"p=31 q=3: 9x31"
280,39060,6328,0.162007,3,1,0,"p=113 q=83: 1x167* + 1x113   (* foreign)"
282,39621,5886,0.148558,3,1,0,"p=109 q=43: 1x173* + 1x109   (* foreign)"
284,40186,9940,0.247350,3,1,0,"p=71 q=2: 4x71"
285,40470,3916,0.096763,4,1,0,"p=89 q=53: 1x107* + 1x89 + 1x89   (* foreign)"
286,40755,6328,0.155269,3,1,0,"p=113 q=43: 1x173* + 1x113   (* foreign)"
287,41041,5740,0.139860,3,1,0,"p=41 q=7: 7x41"
288,41328,7750,0.187524,3,1,0,"p=5 q=3: 1x163* + 1x125   (* foreign)"
290,41905,8001,0.190932,3,1,0,"p=127 q=3: 1x163* + 1x127   (* foreign)"
291,42195,13968,0.331034,2,1,0,"p=97 q=3: 3x97"
292,42486,10512,0.247423,3,1,0,"p=73 q=2: 4x73"
294,43071,8515,0.197697,3,1,0,"p=131 q=3: 1x163* + 1x131   (* foreign)"
295,43365,8555,0.197279,3,1,0,"p=59 q=5: 5x59"
296,43660,5328,0.122034,3,1,0,"p=37 q=2: 8x37"
297,43956,3861,0.087838,4,1,0,"p=3 q=11: 11x27"
298,44253,22052,0.498316,2,1,0,"p=149 q=2: 2x149"
299,44551,3289,0.073826,4,1,0,"p=23 q=13: 13x23"
300,44850,9316,0.207715,3,1,0,"p=137 q=3: 1x163* + 1x137   (* foreign)"
301,45150,7439,0.164762,3,1,0,"p=2 q=43: 1x173* + 1x128   (* foreign)"
302,45451,22650,0.498339,2,1,0,"p=151 q=2: 2x151"
303,45753,15150,0.331126,2,1,0,"p=101 q=3: 3x101"
304,46056,9316,0.202275,3,1,0,"p=137 q=83: 1x167* + 1x137   (* foreign)"
305,46360,9150,0.197368,3,1,0,"p=61 q=5: 5x61"
306,46665,9591,0.205529,3,1,0,"p=139 q=83: 1x167* + 1x139   (* foreign)"
308,47278,3775,0.079847,4,1,0,"p=157 q=5: 1x157 + 1x151*   (* foreign)"
309,47586,15759,0.331169,2,1,0,"p=103 q=3: 3x103"
310,47895,8515,0.177785,3,1,0,"p=131 q=89: 1x179* + 1x131   (* foreign)"
312,48516,11026,0.227265,3,1,0,"p=149 q=3: 1x163* + 1x149   (* foreign)"
314,49141,24492,0.498403,2,1,0,"p=157 q=2: 2x157"
315,49455,3660,0.074007,4,1,0,"p=61 q=2: 1x193* + 2x61   (* foreign)"
316,49770,12324,0.247619,3,1,0,"p=79 q=2: 4x79"
318,50403,11325,0.224689,3,1,0,"p=151 q=83: 1x167* + 1x151   (* foreign)"
319,50721,4466,0.088050,4,1,0,"p=29 q=11: 11x29"
320,51040,12246,0.239929,3,1,0,"p=157 q=3: 1x163* + 1x157   (* foreign)"
321,51360,17013,0.331250,2,1,0,"p=107 q=3: 3x107"
322,51681,7750,0.149958,3,1,0,"p=5 q=7: 1x197* + 1x125   (* foreign)"
323,52003,2943,0.056593,5,1,0,"p=107 q=3: 1x109* + 1x107 + 1x107   (* foreign)"
324,52326,12960,0.247678,3,1,0,"p=3 q=2: 4x81"
325,52650,8128,0.154378,3,1,0,"p=2 q=7: 1x197* + 1x128   (* foreign)"
326,52975,26406,0.498462,2,1,0,"p=163 q=2: 2x163"
327,53301,17658,0.331288,2,1,0,"p=109 q=3: 3x109"
328,53628,11026,0.205602,3,1,0,"p=149 q=89: 1x179* + 1x149   (* foreign)"
329,53956,7567,0.140244,3,1,0,"p=47 q=7: 7x47"
330,54285,13203,0.243216,3,1,0,"p=163 q=83: 1x167* + 1x163   (* foreign)"
332,54946,13612,0.247734,3,1,0,"p=83 q=2: 4x83"
333,55278,5994,0.108434,4,1,0,"p=37 q=3: 9x37"
334,55611,27722,0.498498,2,1,0,"p=167 q=2: 2x167"
335,55945,11055,0.197605,3,1,0,"p=67 q=5: 5x67"
336,56280,13861,0.246286,3,1,0,"p=13 q=83: 1x169 + 1x167*   (* foreign)"
338,56953,28392,0.498516,2,1,0,"p=13 q=2: 2x169"
339,57291,18984,0.331361,2,1,0,"p=113 q=3: 3x113"
340,57630,13861,0.240517,3,1,0,"p=173 q=83: 1x173 + 1x167*   (* foreign)"
341,57970,5115,0.088235,4,1,0,"p=31 q=11: 11x31"
342,58311,13203,0.226424,3,1,0,"p=163 q=89: 1x179* + 1x163   (* foreign)"
344,58996,13203,0.223795,3,1,0,"p=181 q=3: 1x181 + 1x163*   (* foreign)"
345,59340,3916,0.065993,4,1,0,"p=89 q=83: 1x167* + 1x89 + 1x89   (* foreign)"
346,59685,29756,0.498551,2,1,0,"p=173 q=2: 2x173"
348,60378,14196,0.235119,3,1,0,"p=13 q=89: 1x179* + 1x169   (* foreign)"
350,61075,8001,0.131003,3,1,0,"p=127 q=37: 1x223* + 1x127   (* foreign)"
351,61425,8128,0.132324,3,1,0,"p=2 q=37: 1x223* + 1x128   (* foreign)"
352,61776,14878,0.240838,3,1,0,"p=173 q=89: 1x179* + 1x173   (* foreign)"
354,62481,13203,0.211312,3,1,0,"p=191 q=3: 1x191 + 1x163*   (* foreign)"
355,62835,12425,0.197740,3,1,0,"p=71 q=5: 5x71"
356,63190,15664,0.247887,3,1,0,"p=89 q=2: 4x89"
357,63546,5671,0.089242,4,1,0,"p=5 q=53: 1x125 + 1x125 + 1x107*   (* foreign)"
358,63903,31862,0.498599,2,1,0,"p=179 q=2: 2x179"
360,64620,15931,0.246534,3,1,0,"p=181 q=89: 1x181 + 1x179*   (* foreign)"
362,65341,32580,0.498615,2,1,0,"p=181 q=2: 2x181"
363,65703,21780,0.331492,2,1,0,"p=11 q=3: 3x121"
364,66066,13861,0.209805,3,1,0,"p=197 q=83: 1x197 + 1x167*   (* foreign)"
365,66430,13140,0.197802,3,1,0,"p=73 q=5: 5x73"
366,66795,13861,0.207516,3,1,0,"p=199 q=83: 1x199 + 1x167*   (* foreign)"
368,67528,4656,0.068949,4,1,0,"p=97 q=3: 1x271* + 1x97   (* foreign)"
369,67896,7380,0.108696,4,1,0,"p=41 q=3: 9x41"
370,68265,15931,0.233370,3,1,0,"p=191 q=89: 1x191 + 1x179*   (* foreign)"
371,68635,9646,0.140541,3,1,0,"p=53 q=7: 7x53"
372,69006,15931,0.230864,3,1,0,"p=193 q=89: 1x193 + 1x179*   (* foreign)"
374,69751,13203,0.189288,3,1,0,"p=211 q=3: 1x211 + 1x163*   (* foreign)"
375,70125,23250,0.331551,2,1,0,"p=5 q=3: 3x125"
376,70500,15931,0.225972,3,1,0,"p=197 q=89: 1x197 + 1x179*   (* foreign)"
377,70876,5671,0.080013,4,1,0,"p=107 q=3: 1x163* + 1x107 + 1x107   (* foreign)"
378,71253,15931,0.223584,3,1,0,"p=199 q=89: 1x199 + 1x179*   (* foreign)"
380,72010,8251,0.114581,3,1,0,"p=157 q=37: 1x223* + 1x157   (* foreign)"
381,72390,24003,0.331579,2,1,0,"p=127 q=3: 3x127"
382,72771,36290,0.498688,2,1,0,"p=191 q=2: 2x191"
384,73536,24384,0.331593,2,1,0,"p=2 q=3: 3x128"
385,73920,8128,0.109957,4,1,0,"p=2 q=2: 1x257* + 1x128   (* foreign)"
386,74305,37056,0.498701,2,1,0,"p=193 q=2: 2x193"
387,74691,8127,0.108808,4,1,0,"p=43 q=3: 9x43"
388,75078,18624,0.248062,3,1,0,"p=97 q=2: 4x97"
390,75855,15931,0.210019,3,1,0,"p=211 q=89: 1x211 + 1x179*   (* foreign)"
391,76245,8128,0.106604,4,1,0,"p=2 q=131: 1x263* + 1x128   (* foreign)"
392,76636,13203,0.172282,3,1,0,"p=229 q=3: 1x229 + 1x163*   (* foreign)"
393,77028,25545,0.331633,2,1,0,"p=131 q=3: 3x131"
394,77421,38612,0.498728,2,1,0,"p=197 q=2: 2x197"
395,77815,15405,0.197970,3,1,0,"p=79 q=5: 5x79"
396,78210,14196,0.181511,3,1,0,"p=13 q=113: 1x227* + 1x169   (* foreign)"
398,79003,39402,0.498741,2,1,0,"p=199 q=2: 2x199"
399,79401,7317,0.092152,4,1,0,"p=2 q=3: 1x271* + 1x128   (* foreign)"
400,79800,14878,0.186441,3,1,0,"p=173 q=113: 1x227* + 1x173   (* foreign)"
402,80601,15931,0.197653,3,1,0,"p=223 q=89: 1x223 + 1x179*   (* foreign)"
403,81003,6045,0.074627,4,1,0,"p=31 q=13: 13x31"
404,81406,20200,0.248139,3,1,0,"p=101 q=2: 4x101"
405,81810,16200,0.198020,3,1,0,"p=3 q=5: 5x81"
406,82215,15931,0.193772,3,1,0,"p=179 q=113: 1x227* + 1x179   (* foreign)"
407,82621,7326,0.088670,4,1,0,"p=37 q=11: 11x37"
408,83028,16290,0.196199,3,1,0,"p=181 q=113: 1x227* + 1x181   (* foreign)"
410,83845,13861,0.165317,3,1,0,"p=3 q=83: 1x243 + 1x167*   (* foreign)"
411,84255,27948,0.331707,2,1,0,"p=137 q=3: 3x137"
412,84666,21012,0.248175,3,1,0,"p=103 q=2: 4x103"
413,85078,11977,0.140777,3,1,0,"p=59 q=7: 7x59"
414,85491,13203,0.154437,3,1,0,"p=163 q=5: 1x251* + 1x163   (* foreign)"
415,85905,17015,0.198068,3,1,0,"p=83 q=5: 5x83"
416,86320,8251,0.095586,4,1,0,"p=193 q=37: 1x223* + 1x193   (* foreign)"
417,86736,28773,0.331731,2,1,0,"p=139 q=3: 3x139"
418,87153,18145,0.208197,3,1,0,"p=191 q=113: 1x227* + 1x191   (* foreign)"
420,87990,18528,0.210569,3,1,0,"p=193 q=113: 1x227* + 1x193   (* foreign)"
422,88831,44310,0.498812,2,1,0,"p=211 q=2: 2x211"
423,89253,13861,0.155300,3,1,0,"p=2 q=83: 1x256 + 1x167*   (* foreign)"
424,89676,19306,0.215286,3,1,0,"p=197 q=113: 1x227* + 1x197   (* foreign)"
425,90100,8515,0.094506,4,1,0,"p=131 q=3: 1x163* + 1x131 + 1x131   (* foreign)"
426,90525,19701,0.217630,3,1,0,"p=199 q=113: 1x227* + 1x199   (* foreign)"
427,90951,12810,0.140845,3,1,0,"p=61 q=7: 7x61"
428,91378,22684,0.248244,3,1,0,"p=107 q=2: 4x107"
429,91806,8515,0.092750,4,1,0,"p=131 q=83: 1x167* + 1x131 + 1x131   (* foreign)"
430,92235,15931,0.172722,3,1,0,"p=179 q=5: 1x251* + 1x179   (* foreign)"
432,93096,16290,0.174981,3,1,0,"p=181 q=5: 1x251* + 1x181   (* foreign)"
434,93961,13203,0.140516,3,1,0,"p=271 q=3: 1x271 + 1x163*   (* foreign)"
435,94395,15931,0.168770,3,1,0,"p=2 q=89: 1x256 + 1x179*   (* foreign)"
436,94830,23544,0.248276,3,1,0,"p=109 q=2: 4x109"
437,95266,9316,0.097789,4,1,0,"p=137 q=3: 1x163* + 1x137 + 1x137   (* foreign)"
438,95703,22155,0.231497,3,1,0,"p=211 q=113: 1x227* + 1x211   (* foreign)"
440,96580,13203,0.136705,3,1,0,"p=277 q=3: 1x277 + 1x163*   (* foreign)"
441,97020,10584,0.109091,4,1,0,"p=7 q=3: 9x49"
442,97461,18145,0.186177,3,1,0,"p=191 q=5: 1x251* + 1x191   (* foreign)"
444,98346,18528,0.188396,3,1,0,"p=193 q=5: 1x251* + 1x193   (* foreign)"
445,98790,19580,0.198198,3,1,0,"p=89 q=5: 5x89"
446,99235,49506,0.498876,2,1,0,"p=223 q=2: 2x223"
447,99681,33078,0.331839,2,1,0,"p=149 q=3: 3x149"
448,100128,19306,0.192813,3,1,0,"p=197 q=5: 1x251* + 1x197   (* foreign)"
450,101025,24753,0.245019,3,1,0,"p=223 q=113: 1x227* + 1x223   (* foreign)"
451,101475,9312,0.091766,4,1,0,"p=97 q=2: 1x257* + 2x97   (* foreign)"
452,101926,25312,0.248337,3,1,0,"p=113 q=2: 4x113"
453,102378,33975,0.331858,2,1,0,"p=151 q=3: 3x151"
454,102831,51302,0.498896,2,1,0,"p=227 q=2: 2x227"
455,103285,6176,0.059796,5,1,0,"p=131 q=2: 2x131 + 1x193*   (* foreign)"
456,103740,25651,0.247262,3,1,0,"p=229 q=113: 1x229 + 1x227*   (* foreign)"
458,104653,52212,0.498906,2,1,0,"p=229 q=2: 2x229"
459,105111,10100,0.096089,4,1,0,"p=101 q=2: 1x257* + 2x101   (* foreign)"
460,105570,25651,0.242976,3,1,0,"p=233 q=113: 1x233 + 1x227*   (* foreign)"
462,106491,22155,0.208046,3,1,0,"p=211 q=5: 1x251* + 1x211   (* foreign)"
464,107416,13301,0.123827,3,1,0,"p=181 q=47: 1x283* + 1x181   (* foreign)"
465,107880,11325,0.104978,4,1,0,"p=151 q=3: 1x163* + 1x151 + 1x151   (* foreign)"
466,108345,54056,0.498925,2,1,0,"p=233 q=2: 2x233"
468,109278,25651,0.234732,3,1,0,"p=241 q=113: 1x241 + 1x227*   (* foreign)"
469,109746,15477,0.141026,3,1,0,"p=67 q=7: 7x67"
470,110215,25651,0.232736,3,1,0,"p=3 q=113: 1x243 + 1x227*   (* foreign)"
471,110685,36738,0.331915,2,1,0,"p=157 q=3: 3x157"
472,111156,15931,0.143321,3,1,0,"p=179 q=73: 1x293* + 1x179   (* foreign)"
473,111628,9933,0.088983,4,1,0,"p=43 q=11: 11x43"
474,112101,24753,0.220810,3,1,0,"p=223 q=5: 1x251* + 1x223   (* foreign)"
475,112575,11772,0.104570,4,1,0,"p=109 q=2: 1x257* + 2x109   (* foreign)"
476,113050,13301,0.117656,3,1,0,"p=193 q=47: 1x283* + 1x193   (* foreign)"
477,113526,12402,0.109244,4,1,0,"p=53 q=3: 9x53"
478,114003,56882,0.498952,2,1,0,"p=239 q=2: 2x239"
480,114960,26106,0.227088,3,1,0,"p=229 q=5: 1x251* + 1x229   (* foreign)"
481,115440,12246,0.106081,4,1,0,"p=157 q=83: 1x167* + 1x157 + 1x157   (* foreign)"
482,115921,57840,0.498960,2,1,0,"p=241 q=2: 2x241"
483,116403,25651,0.220364,3,1,0,"p=2 q=113: 1x256 + 1x227*   (* foreign)"
484,116886,29040,0.248447,3,1,0,"p=11 q=2: 4x121"
485,117370,23280,0.198347,3,1,0,"p=97 q=5: 5x97"
486,117855,58806,0.498969,2,1,0,"p=3 q=2: 2x243"
488,118828,14640,0.123203,3,1,0,"p=61 q=2: 8x61"
489,119316,39609,0.331967,2,1,0,"p=163 q=3: 3x163"
490,119805,28441,0.237394,3,1,0,"p=239 q=5: 1x251* + 1x239   (* foreign)"
492,120786,28920,0.239432,3,1,0,"p=241 q=5: 1x251* + 1x241   (* foreign)"
493,121278,13203,0.108866,4,1,0,"p=163 q=83: 1x167* + 1x163 + 1x163   (* foreign)"
494,121771,29403,0.241461,3,1,0,"p=3 q=5: 1x251* + 1x243   (* foreign)"
495,122265,9653,0.078951,4,1,0,"p=149 q=7: 1x197* + 1x149 + 1x149   (* foreign)"
496,122760,28441,0.231680,3,1,0,"p=239 q=2: 1x257* + 1x239   (* foreign)"
497,123256,17395,0.141129,3,1,0,"p=71 q=7: 7x71"
498,123753,28920,0.233691,3,1,0,"p=241 q=2: 1x257* + 1x241   (* foreign)"
500,124750,31000,0.248497,3,1,0,"p=5 q=2: 4x125"
501,125250,41583,0.332000,2,1,0,"p=167 q=3: 3x167"
502,125751,62750,0.499002,2,1,0,"p=251 q=2: 2x251"
504,126756,28920,0.228155,3,1,0,"p=241 q=131: 1x263* + 1x241   (* foreign)"
505,127260,25250,0.198413,3,1,0,"p=101 q=5: 5x101"
506,127765,29403,0.230133,3,1,0,"p=3 q=131: 1x263* + 1x243   (* foreign)"
507,128271,42588,0.332016,2,1,0,"p=13 q=3: 3x169"
508,128778,32004,0.248521,3,1,0,"p=127 q=2: 4x127"
510,129795,25651,0.197627,3,1,0,"p=283 q=113: 1x283 + 1x227*   (* foreign)"
511,130305,18396,0.141176,3,1,0,"p=73 q=7: 7x73"
513,131328,32640,0.248538,3,1,0,"p=2 q=2: 1x257* + 1x256   (* foreign)"
514,131841,65792,0.499025,2,1,0,"p=257 q=2: 2x257"
515,132355,26265,0.198444,3,1,0,"p=103 q=5: 5x103"
516,132870,25651,0.193053,3,1,0,"p=17 q=113: 1x289 + 1x227*   (* foreign)"
517,133386,14196,0.106428,4,1,0,"p=13 q=89: 1x179* + 1x169 + 1x169   (* foreign)"
518,133903,11325,0.084576,4,1,0,"p=151 q=61: 1x367* + 1x151   (* foreign)"
519,134421,44634,0.332046,2,1,0,"p=173 q=3: 3x173"
520,134940,32896,0.243782,3,1,0,"p=257 q=131: 1x263* + 1x257   (* foreign)"
522,135981,31375,0.230731,3,1,0,"p=271 q=5: 1x271 + 1x251*   (* foreign)"
524,137026,34060,0.248566,3,1,0,"p=131 q=2: 4x131"
525,137550,18023,0.131029,3,1,0,"p=2 q=67: 1x269* + 1x256   (* foreign)"
526,138075,68906,0.499048,2,1,0,"p=263 q=2: 2x263"
527,138601,7905,0.057034,5,1,0,"p=31 q=17: 17x31"
528,139128,32896,0.236444,3,1,0,"p=271 q=2: 1x271 + 1x257*   (* foreign)"
530,140185,13203,0.094183,4,1,0,"p=163 q=61: 1x367* + 1x163   (* foreign)"
531,140715,18632,0.132409,3,1,0,"p=137 q=2: 2x137 + 1x257*   (* foreign)"
532,141246,34453,0.243922,3,1,0,"p=269 q=131: 1x269 + 1x263*   (* foreign)"
533,141778,10660,0.075188,4,1,0,"p=41 q=13: 13x41"
534,142311,34453,0.242097,3,1,0,"p=271 q=131: 1x271 + 1x263*   (* foreign)"
535,142845,28355,0.198502,3,1,0,"p=107 q=5: 5x107"
536,143380,21389,0.149177,3,1,0,"p=3 q=73: 1x293* + 1x243   (* foreign)"
537,143916,47793,0.332090,2,1,0,"p=179 q=3: 3x179"
538,144453,72092,0.499069,2,1,0,"p=269 q=2: 2x269"
539,144991,13301,0.091737,4,1,0,"p=2 q=47: 1x283* + 1x256   (* foreign)"
540,145530,34453,0.236742,3,1,0,"p=277 q=131: 1x277 + 1x263*   (* foreign)"
542,146611,73170,0.499076,2,1,0,"p=271 q=2: 2x271"
543,147153,48870,0.332103,2,1,0,"p=181 q=3: 3x181"
544,147696,34453,0.233270,3,1,0,"p=281 q=131: 1x281 + 1x263*   (* foreign)"
545,148240,29430,0.198529,3,1,0,"p=109 q=5: 5x109"
546,148785,34453,0.231562,3,1,0,"p=283 q=131: 1x283 + 1x263*   (* foreign)"
548,149878,37264,0.248629,3,1,0,"p=137 q=2: 4x137"
549,150426,21389,0.142190,3,1,0,"p=2 q=73: 1x293* + 1x256   (* foreign)"
550,150975,32896,0.217890,3,1,0,"p=293 q=2: 1x293 + 1x257*   (* foreign)"
551,151525,8128,0.053641,5,1,0,"p=2 q=83: 1x256 + 1x167* + 1x128   (* foreign)"
552,152076,34453,0.226551,3,1,0,"p=17 q=131: 1x289 + 1x263*   (* foreign)"
553,152628,21567,0.141304,3,1,0,"p=79 q=7: 7x79"
554,153181,76452,0.499096,2,1,0,"p=277 q=2: 2x277"
555,153735,22052,0.143442,3,1,0,"p=149 q=2: 2x149 + 1x257*   (* foreign)"
556,154290,38364,0.248649,3,1,0,"p=139 q=2: 4x139"
558,155403,31375,0.201894,3,1,0,"p=307 q=5: 1x307 + 1x251*   (* foreign)"
559,155961,22650,0.145229,3,1,0,"p=151 q=2: 2x151 + 1x257*   (* foreign)"
560,156520,25043,0.159999,3,1,0,"p=3 q=79: 1x317* + 1x243   (* foreign)"
561,157080,15931,0.101420,4,1,0,"p=191 q=89: 1x191 + 1x191 + 1x179*   (* foreign)"
562,157641,78680,0.499109,2,1,0,"p=281 q=2: 2x281"
564,158766,32896,0.207198,3,1,0,"p=307 q=2: 1x307 + 1x257*   (* foreign)"
565,159330,31640,0.198582,3,1,0,"p=113 q=5: 5x113"
566,159895,79806,0.499115,2,1,0,"p=283 q=2: 2x283"
567,160461,22680,0.141343,3,1,0,"p=3 q=7: 7x81"
568,161028,32896,0.204287,3,1,0,"p=311 q=2: 1x311 + 1x257*   (* foreign)"
570,162165,34453,0.212456,3,1,0,"p=307 q=131: 1x307 + 1x263*   (* foreign)"
572,163306,13301,0.081448,4,1,0,"p=17 q=47: 1x289 + 1x283*   (* foreign)"
573,163878,54435,0.332168,2,1,0,"p=191 q=3: 3x191"
574,164451,34453,0.209503,3,1,0,"p=311 q=131: 1x311 + 1x263*   (* foreign)"
575,165025,6900,0.041812,5,1,0,"p=5 q=23: 23x25"
576,165600,34453,0.208050,3,1,0,"p=313 q=131: 1x313 + 1x263*   (* foreign)"
578,166753,83232,0.499133,2,1,0,"p=17 q=2: 2x289"
579,167331,55584,0.332180,2,1,0,"p=193 q=3: 3x193"
580,167910,34453,0.205187,3,1,0,"p=317 q=131: 1x317 + 1x263*   (* foreign)"
581,168490,23821,0.141379,3,1,0,"p=83 q=7: 7x83"
582,169071,31375,0.185573,3,1,0,"p=331 q=5: 1x331 + 1x251*   (* foreign)"
583,169653,26406,0.155647,3,1,0,"p=163 q=2: 2x163 + 1x257*   (* foreign)"
584,170236,21024,0.123499,3,1,0,"p=73 q=2: 8x73"
585,170820,15931,0.093262,4,1,0,"p=179 q=113: 1x227* + 1x179 + 1x179   (* foreign)"
586,171405,85556,0.499145,2,1,0,"p=293 q=2: 2x293"
588,172578,32896,0.190615,3,1,0,"p=331 q=2: 1x331 + 1x257*   (* foreign)"
589,173166,16290,0.094072,4,1,0,"p=181 q=113: 1x227* + 1x181 + 1x181   (* foreign)"
590,173755,29403,0.169221,3,1,0,"p=3 q=173: 1x347* + 1x243   (* foreign)"
591,174345,57918,0.332203,2,1,0,"p=197 q=3: 3x197"
592,174936,27028,0.154502,3,1,0,"p=233 q=179: 1x359* + 1x233   (* foreign)"
594,176121,34453,0.195621,3,1,0,"p=331 q=131: 1x331 + 1x263*   (* foreign)"
595,176715,28392,0.160665,3,1,0,"p=13 q=2: 2x169 + 1x257*   (* foreign)"
596,177310,44104,0.248739,3,1,0,"p=149 q=2: 4x149"
597,177906,59103,0.332215,2,1,0,"p=199 q=3: 3x199"
598,178503,31375,0.175767,3,1,0,"p=251 q=173: 1x347* + 1x251   (* foreign)"
600,179700,34453,0.191725,3,1,0,"p=337 q=131: 1x337 + 1x263*   (* foreign)"
602,180901,29403,0.162536,3,1,0,"p=3 q=179: 1x359* + 1x243   (* foreign)"
603,181503,32640,0.179832,3,1,0,"p=2 q=173: 1x347* + 1x256   (* foreign)"
604,182106,45300,0.248756,3,1,0,"p=151 q=2: 4x151"
605,182710,36300,0.198675,3,1,0,"p=11 q=5: 5x121"
606,183315,34453,0.187944,3,1,0,"p=7 q=131: 1x343 + 1x263*   (* foreign)"
608,184528,22387,0.121320,3,1,0,"p=241 q=61: 1x367* + 1x241   (* foreign)"
609,185136,18145,0.098009,4,1,0,"p=191 q=113: 1x227* + 1x191 + 1x191   (* foreign)"
610,185745,34453,0.185485,3,1,0,"p=263 q=173: 1x347* + 1x263   (* foreign)"
611,186355,14053,0.075410,4,1,0,"p=47 q=13: 13x47"
612,186966,34453,0.184274,3,1,0,"p=349 q=131: 1x349 + 1x263*   (* foreign)"
614,188191,93942,0.499184,2,1,0,"p=307 q=2: 2x307"
615,188805,32640,0.172877,3,1,0,"p=2 q=179: 1x359* + 1x256   (* foreign)"
616,189420,36046,0.190297,3,1,0,"p=269 q=173: 1x347* + 1x269   (* foreign)"
618,190653,36585,0.191893,3,1,0,"p=271 q=173: 1x347* + 1x271   (* foreign)"
620,191890,16290,0.084892,4,1,0,"p=181 q=73: 1x439* + 1x181   (* foreign)"
621,192510,19306,0.100286,4,1,0,"p=197 q=113: 1x227* + 1x197 + 1x197   (* foreign)"
622,193131,96410,0.499195,2,1,0,"p=311 q=2: 2x311"
623,193753,27412,0.141479,3,1,0,"p=89 q=7: 7x89"
624,194376,38226,0.196660,3,1,0,"p=277 q=173: 1x347* + 1x277   (* foreign)"
626,195625,97656,0.499200,2,1,0,"p=313 q=2: 2x313"
627,196251,15931,0.081177,4,1,0,"p=179 q=67: 1x269* + 1x179 + 1x179   (* foreign)"
628,196878,48984,0.248804,3,1,0,"p=157 q=2: 4x157"
629,197506,13301,0.067345,4,1,0,"p=173 q=47: 1x283* + 1x173 + 1x173   (* foreign)"
630,198135,39903,0.201393,3,1,0,"p=283 q=173: 1x347* + 1x283   (* foreign)"
632,199396,29403,0.147460,3,1,0,"p=3 q=97: 1x389* + 1x243   (* foreign)"
633,200028,66465,0.332278,2,1,0,"p=211 q=3: 3x211"
634,200661,100172,0.499210,2,1,0,"p=317 q=2: 2x317"
635,201295,40005,0.198738,3,1,0,"p=127 q=5: 5x127"
636,201930,41616,0.206091,3,1,0,"p=17 q=173: 1x347* + 1x289   (* foreign)"
637,202566,18528,0.091466,4,1,0,"p=193 q=5: 1x251* + 1x193 + 1x193   (* foreign)"
638,203203,22387,0.110171,4,1,0,"p=271 q=61: 1x367* + 1x271   (* foreign)"
639,203841,32896,0.161381,3,1,0,"p=191 q=2: 2x191 + 1x257*   (* foreign)"
640,204480,42778,0.209204,3,1,0,"p=293 q=173: 1x347* + 1x293   (* foreign)"
642,205761,39903,0.193929,3,1,0,"p=283 q=179: 1x359* + 1x283   (* foreign)"
644,207046,22387,0.108126,4,1,0,"p=277 q=61: 1x367* + 1x277   (* foreign)"
645,207690,32640,0.157157,3,1,0,"p=2 q=97: 1x389* + 1x256   (* foreign)"
646,208335,34453,0.165373,3,1,0,"p=263 q=191: 1x383* + 1x263   (* foreign)"
648,209628,41616,0.198523,3,1,0,"p=17 q=179: 1x359* + 1x289   (* foreign)"
649,210276,22155,0.105362,4,1,0,"p=211 q=113: 1x227* + 1x211 + 1x211   (* foreign)"
650,210925,22387,0.106137,4,1,0,"p=283 q=61: 1x367* + 1x283   (* foreign)"
651,211575,32896,0.155482,3,1,0,"p=197 q=2: 2x197 + 1x257*   (* foreign)"
652,212226,52812,0.248848,3,1,0,"p=163 q=2: 4x163"
654,213531,46971,0.219973,3,1,0,"p=307 q=173: 1x347* + 1x307   (* foreign)"
655,214185,42575,0.198777,3,1,0,"p=131 q=5: 5x131"
656,214840,22387,0.104203,4,1,0,"p=17 q=61: 1x367* + 1x289   (* foreign)"
657,215496,23652,0.109756,4,1,0,"p=73 q=3: 9x73"
658,216153,48205,0.223013,3,1,0,"p=311 q=173: 1x347* + 1x311   (* foreign)"
660,217470,48828,0.224528,3,1,0,"p=313 q=173: 1x347* + 1x313   (* foreign)"
662,218791,109230,0.499244,2,1,0,"p=331 q=2: 2x331"
663,219453,18023,0.082127,4,1,0,"p=197 q=67: 1x269* + 1x197 + 1x197   (* foreign)"
664,220116,50086,0.227544,3,1,0,"p=317 q=173: 1x347* + 1x317   (* foreign)"
665,220780,15931,0.072158,4,1,0,"p=3 q=89: 1x243 + 1x243 + 1x179*   (* foreign)"
666,221445,46971,0.212111,3,1,0,"p=307 q=179: 1x359* + 1x307   (* foreign)"
667,222111,18023,0.081144,4,1,0,"p=199 q=67: 1x269* + 1x199 + 1x199   (* foreign)"
668,222778,55444,0.248876,3,1,0,"p=167 q=2: 4x167"
669,223446,74259,0.332335,2,1,0,"p=223 q=3: 3x223"
670,224115,48205,0.215090,3,1,0,"p=311 q=179: 1x359* + 1x311   (* foreign)"
671,224785,20130,0.089552,4,1,0,"p=61 q=11: 11x61"
672,225456,48828,0.216574,3,1,0,"p=313 q=179: 1x359* + 1x313   (* foreign)"
674,226801,113232,0.499257,2,1,0,"p=337 q=2: 2x337"
675,227475,18145,0.079767,4,1,0,"p=191 q=73: 1x293* + 1x191 + 1x191   (* foreign)"
676,228150,56784,0.248889,3,1,0,"p=13 q=2: 4x169"
678,229503,54615,0.237971,3,1,0,"p=331 q=173: 1x347* + 1x331   (* foreign)"
679,230181,32896,0.142914,3,1,0,"p=211 q=2: 2x211 + 1x257*   (* foreign)"
680,230860,28920,0.125271,3,1,0,"p=241 q=73: 1x439* + 1x241   (* foreign)"
681,231540,76953,0.332353,2,1,0,"p=227 q=3: 3x227"
682,232221,37733,0.162487,3,1,0,"p=293 q=97: 1x389* + 1x293   (* foreign)"
684,233586,56616,0.242378,3,1,0,"p=337 q=173: 1x347* + 1x337   (* foreign)"
685,234270,46580,0.198830,3,1,0,"p=137 q=5: 5x137"
686,234955,117306,0.499270,2,1,0,"p=7 q=2: 2x343"
687,235641,78318,0.332362,2,1,0,"p=229 q=3: 3x229"
688,236328,32896,0.139196,3,1,0,"p=431 q=2: 1x431 + 1x257*   (* foreign)"
689,237016,17914,0.075581,4,1,0,"p=53 q=13: 13x53"
690,237705,58653,0.246747,3,1,0,"p=7 q=173: 1x347* + 1x343   (* foreign)"
692,239086,59512,0.248915,3,1,0,"p=173 q=2: 4x173"
693,239778,25651,0.106978,4,1,0,"p=233 q=113: 1x233 + 1x233 + 1x227*   (* foreign)"
694,240471,120062,0.499278,2,1,0,"p=347 q=2: 2x347"
695,241165,47955,0.198847,3,1,0,"p=139 q=5: 5x139"
696,241860,60031,0.248206,3,1,0,"p=349 q=173: 1x349 + 1x347*   (* foreign)"
697,242556,24753,0.102051,4,1,0,"p=223 q=5: 1x251* + 1x223 + 1x223   (* foreign)"
698,243253,121452,0.499283,2,1,0,"p=349 q=2: 2x349"
699,243951,81084,0.332378,2,1,0,"p=233 q=3: 3x233"
700,244650,60031,0.245375,3,1,0,"p=353 q=173: 1x353 + 1x347*   (* foreign)"
702,246051,58653,0.238377,3,1,0,"p=7 q=179: 1x359* + 1x343   (* foreign)"
703,246753,32896,0.133316,3,1,0,"p=223 q=2: 2x223 + 1x257*   (* foreign)"
704,247456,22387,0.090469,4,1,0,"p=337 q=61: 1x367* + 1x337   (* foreign)"
705,248160,25651,0.103365,4,1,0,"p=227 q=5: 1x251* + 1x227 + 1x227   (* foreign)"
706,248865,124256,0.499291,2,1,0,"p=353 q=2: 2x353"
707,249571,35350,0.141643,3,1,0,"p=101 q=7: 7x101"
708,250278,60726,0.242634,3,1,0,"p=349 q=179: 1x359* + 1x349   (* foreign)"
710,251695,32047,0.127325,3,1,0,"p=271 q=73: 1x439* + 1x271   (* foreign)"
711,252405,32896,0.130330,3,1,0,"p=227 q=2: 2x227 + 1x257*   (* foreign)"
712,253116,62128,0.245453,3,1,0,"p=353 q=179: 1x359* + 1x353   (* foreign)"
713,253828,25651,0.101057,4,1,0,"p=3 q=113: 1x243 + 1x243 + 1x227*   (* foreign)"
714,254541,60031,0.235840,3,1,0,"p=367 q=173: 1x367 + 1x347*   (* foreign)"
715,255255,32896,0.128875,3,1,0,"p=229 q=2: 2x229 + 1x257*   (* foreign)"
716,255970,63724,0.248951,3,1,0,"p=179 q=2: 4x179"
717,256686,85323,0.332402,2,1,0,"p=239 q=3: 3x239"
718,257403,128522,0.499303,2,1,0,"p=359 q=2: 2x359"
720,258840,64261,0.248265,3,1,0,"p=19 q=179: 1x361 + 1x359*   (* foreign)"
721,259560,36771,0.141667,3,1,0,"p=103 q=7: 7x103"
722,260281,129960,0.499307,2,1,0,"p=19 q=2: 2x361"
723,261003,86760,0.332410,2,1,0,"p=241 q=3: 3x241"
724,261726,65160,0.248963,3,1,0,"p=181 q=2: 4x181"
725,262450,15931,0.060701,5,1,0,"p=179 q=61: 1x367* + 1x179 + 1x179   (* foreign)"
726,263175,64261,0.244176,3,1,0,"p=367 q=179: 1x367 + 1x359*   (* foreign)"
728,264628,32047,0.121102,3,1,0,"p=17 q=73: 1x439* + 1x289   (* foreign)"
730,266085,60031,0.225608,3,1,0,"p=347 q=191: 1x383* + 1x347   (* foreign)"
731,266815,15351,0.057534,5,1,0,"p=43 q=17: 17x43"
732,267546,64261,0.240187,3,1,0,"p=373 q=179: 1x373 + 1x359*   (* foreign)"
734,269011,134322,0.499318,2,1,0,"p=367 q=2: 2x367"
735,269745,32896,0.121952,3,1,0,"p=239 q=2: 2x239 + 1x257*   (* foreign)"
736,270480,62128,0.229695,3,1,0,"p=353 q=191: 1x383* + 1x353   (* foreign)"
737,271216,29403,0.108412,4,1,0,"p=3 q=5: 1x251* + 1x243 + 1x243   (* foreign)"
738,271953,64261,0.236295,3,1,0,"p=379 q=179: 1x379 + 1x359*   (* foreign)"
740,273430,28920,0.105767,4,1,0,"p=241 q=83: 1x499* + 1x241   (* foreign)"
741,274170,29040,0.105920,4,1,0,"p=11 q=2: 4x121 + 1x257*   (* foreign)"
742,274911,64261,0.233752,3,1,0,"p=359 q=191: 1x383* + 1x359   (* foreign)"
744,276396,64980,0.235097,3,1,0,"p=19 q=191: 1x383* + 1x361   (* foreign)"
745,277140,55130,0.198925,3,1,0,"p=149 q=5: 5x149"
746,277885,138756,0.499329,2,1,0,"p=373 q=2: 2x373"
747,278631,30627,0.109920,4,1,0,"p=83 q=3: 9x83"
748,279378,64261,0.230015,3,1,0,"p=389 q=179: 1x389 + 1x359*   (* foreign)"
749,280126,39697,0.141711,3,1,0,"p=107 q=7: 7x107"
750,280875,67161,0.239113,3,1,0,"p=367 q=191: 1x383* + 1x367   (* foreign)"
752,282376,32047,0.113491,3,1,0,"p=313 q=73: 1x439* + 1x313   (* foreign)"
753,283128,94125,0.332447,2,1,0,"p=251 q=3: 3x251"
754,283881,34453,0.121364,3,1,0,"p=491 q=131: 1x491 + 1x263*   (* foreign)"
755,284635,56625,0.198939,3,1,0,"p=151 q=5: 5x151"
756,285390,69378,0.243099,3,1,0,"p=373 q=191: 1x383* + 1x373   (* foreign)"
758,286903,143262,0.499339,2,1,0,"p=379 q=2: 2x379"
759,287661,32896,0.114357,3,1,0,"p=251 q=2: 2x251 + 1x257*   (* foreign)"
760,288420,64261,0.222804,3,1,0,"p=401 q=179: 1x401 + 1x359*   (* foreign)"
762,289941,71631,0.247054,3,1,0,"p=379 q=191: 1x383* + 1x379   (* foreign)"
763,290703,41202,0.141732,3,1,0,"p=109 q=7: 7x109"
764,291466,72580,0.249017,3,1,0,"p=191 q=2: 4x191"
765,292230,32640,0.111693,3,1,0,"p=2 q=127: 1x509* + 1x256   (* foreign)"
766,292995,146306,0.499346,2,1,0,"p=383 q=2: 2x383"
767,293761,22243,0.075718,4,1,0,"p=59 q=13: 13x59"
768,294528,97920,0.332464,2,1,0,"p=2 q=3: 3x256"
770,296065,39903,0.134778,3,1,0,"p=283 q=3: 1x487* + 1x283   (* foreign)"
771,296835,98688,0.332468,2,1,0,"p=257 q=3: 3x257"
772,297606,74112,0.249027,3,1,0,"p=193 q=2: 4x193"
774,299151,46971,0.157014,3,1,0,"p=307 q=233: 1x467* + 1x307   (* foreign)"
775,299925,34453,0.114872,3,1,0,"p=2 q=131: 1x512 + 1x263*   (* foreign)"
776,300700,41616,0.138397,3,1,0,"p=17 q=3: 1x487* + 1x289   (* foreign)"
777,301476,32896,0.109116,4,1,0,"p=257 q=131: 1x263* + 1x257 + 1x257   (* foreign)"
778,302253,150932,0.499356,2,1,0,"p=389 q=2: 2x389"
779,303031,21389,0.070584,4,1,0,"p=3 q=73: 1x293* + 1x243 + 1x243   (* foreign)"
780,303810,73153,0.240785,3,1,0,"p=397 q=191: 1x397 + 1x383*   (* foreign)"
781,304590,32896,0.108001,4,1,0,"p=131 q=2: 4x131 + 1x257*   (* foreign)"
782,305371,39903,0.130671,3,1,0,"p=283 q=83: 1x499* + 1x283   (* foreign)"
783,306153,32896,0.107450,4,1,0,"p=263 q=2: 2x263 + 1x257*   (* foreign)"
784,306936,73153,0.238333,3,1,0,"p=401 q=191: 1x401 + 1x383*   (* foreign)"
785,307720,61230,0.198980,3,1,0,"p=157 q=5: 5x157"
786,308505,60031,0.194587,3,1,0,"p=439 q=173: 1x439 + 1x347*   (* foreign)"
788,310078,77224,0.249047,3,1,0,"p=197 q=2: 4x197"
789,310866,103359,0.332487,2,1,0,"p=263 q=3: 3x263"
790,311655,64261,0.206193,3,1,0,"p=431 q=179: 1x431 + 1x359*   (* foreign)"
791,312445,44296,0.141772,3,1,0,"p=113 q=7: 7x113"
792,313236,73153,0.233540,3,1,0,"p=409 q=191: 1x409 + 1x383*   (* foreign)"
793,314028,31375,0.099911,4,1,0,"p=271 q=5: 1x271 + 1x271 + 1x251*   (* foreign)"
794,314821,157212,0.499369,2,1,0,"p=397 q=2: 2x397"
795,315615,32896,0.104228,4,1,0,"p=269 q=2: 2x269 + 1x257*   (* foreign)"
796,316410,78804,0.249057,3,1,0,"p=199 q=2: 4x199"
798,318003,64261,0.202077,3,1,0,"p=439 q=179: 1x439 + 1x359*   (* foreign)"
799,318801,32896,0.103187,4,1,0,"p=271 q=2: 2x271 + 1x257*   (* foreign)"
800,319600,48828,0.152778,3,1,0,"p=313 q=3: 1x487* + 1x313   (* foreign)"
801,320400,35244,0.110000,4,1,0,"p=89 q=3: 9x89"
802,321201,160400,0.499376,2,1,0,"p=401 q=2: 2x401"
803,322003,28908,0.089776,4,1,0,"p=73 q=11: 11x73"
804,322806,73153,0.226616,3,1,0,"p=421 q=191: 1x421 + 1x383*   (* foreign)"
805,323610,34453,0.106465,4,1,0,"p=271 q=131: 1x271 + 1x271 + 1x263*   (* foreign)"
806,324415,41417,0.127667,3,1,0,"p=307 q=83: 1x499* + 1x307   (* foreign)"
807,325221,108138,0.332506,2,1,0,"p=269 q=3: 3x269"
808,326028,64261,0.197103,3,1,0,"p=449 q=179: 1x449 + 1x359*   (* foreign)"
810,327645,60031,0.183220,3,1,0,"p=463 q=173: 1x463 + 1x347*   (* foreign)"
812,329266,41417,0.125786,3,1,0,"p=313 q=83: 1x499* + 1x313   (* foreign)"
813,330078,109755,0.332512,2,1,0,"p=271 q=3: 3x271"
814,330891,73153,0.221079,3,1,0,"p=431 q=191: 1x431 + 1x383*   (* foreign)"
815,331705,66015,0.199017,3,1,0,"p=163 q=5: 5x163"
816,332520,73153,0.219996,3,1,0,"p=433 q=191: 1x433 + 1x383*   (* foreign)"
817,333336,34453,0.103358,4,1,0,"p=277 q=131: 1x277 + 1x277 + 1x263*   (* foreign)"
818,334153,166872,0.499388,2,1,0,"p=409 q=2: 2x409"
819,334971,32896,0.098206,4,1,0,"p=281 q=2: 2x281 + 1x257*   (* foreign)"
820,335790,64261,0.191373,3,1,0,"p=461 q=179: 1x461 + 1x359*   (* foreign)"
822,337431,73153,0.216794,3,1,0,"p=439 q=191: 1x439 + 1x383*   (* foreign)"
824,339076,56616,0.166971,3,1,0,"p=337 q=3: 1x487* + 1x337   (* foreign)"
825,339900,34453,0.101362,4,1,0,"p=281 q=131: 1x281 + 1x281 + 1x263*   (* foreign)"
826,340725,73153,0.214698,3,1,0,"p=443 q=191: 1x443 + 1x383*   (* foreign)"
828,342378,64980,0.189790,3,1,0,"p=19 q=233: 1x467* + 1x361   (* foreign)"
830,344035,58653,0.170486,3,1,0,"p=7 q=3: 1x487* + 1x343   (* foreign)"
831,344865,114678,0.332530,2,1,0,"p=277 q=3: 3x277"
832,345696,73153,0.211611,3,1,0,"p=449 q=191: 1x449 + 1x383*   (* foreign)"
833,346528,29403,0.084850,4,1,0,"p=3 q=173: 1x347* + 1x243 + 1x243   (* foreign)"
834,347361,67161,0.193346,3,1,0,"p=367 q=233: 1x467* + 1x367   (* foreign)"
835,348195,69305,0.199041,3,1,0,"p=167 q=5: 5x167"
836,349030,60726,0.173985,3,1,0,"p=349 q=3: 1x487* + 1x349   (* foreign)"
837,349866,31375,0.089677,4,1,0,"p=293 q=5: 1x293 + 1x293 + 1x251*   (* foreign)"
838,350703,175142,0.499403,2,1,0,"p=419 q=2: 2x419"
840,352380,73153,0.207597,3,1,0,"p=457 q=191: 1x457 + 1x383*   (* foreign)"
842,354061,176820,0.499405,2,1,0,"p=421 q=2: 2x421"
843,354903,118020,0.332542,2,1,0,"p=281 q=3: 3x281"
844,355746,88620,0.249110,3,1,0,"p=211 q=2: 4x211"
845,356590,70980,0.199052,3,1,0,"p=13 q=5: 5x169"
846,357435,73153,0.204661,3,1,0,"p=463 q=191: 1x463 + 1x383*   (* foreign)"
847,358281,50820,0.141844,3,1,0,"p=11 q=7: 7x121"
848,359128,64980,0.180938,3,1,0,"p=19 q=3: 1x487* + 1x361   (* foreign)"
849,359976,119709,0.332547,2,1,0,"p=283 q=3: 3x283"
850,360825,73153,0.202738,3,1,0,"p=383 q=233: 1x467* + 1x383   (* foreign)"
851,361675,18464,0.051051,5,1,0,"p=137 q=2: 1x577* + 2x137   (* foreign)"
852,362526,69378,0.191374,3,1,0,"p=373 q=239: 1x479* + 1x373   (* foreign)"
854,364231,67161,0.184391,3,1,0,"p=367 q=3: 1x487* + 1x367   (* foreign)"
855,365085,27028,0.074032,4,1,0,"p=233 q=97: 1x389* + 1x233 + 1x233   (* foreign)"
856,365940,75466,0.206225,3,1,0,"p=389 q=233: 1x467* + 1x389   (* foreign)"
858,367653,71631,0.194833,3,1,0,"p=379 q=239: 1x479* + 1x379   (* foreign)"
860,369370,69378,0.187828,3,1,0,"p=373 q=3: 1x487* + 1x373   (* foreign)"
861,370230,32896,0.088853,4,1,0,"p=151 q=2: 4x151 + 1x257*   (* foreign)"
862,371091,185330,0.499419,2,1,0,"p=431 q=2: 2x431"
864,372816,78606,0.210844,3,1,0,"p=397 q=233: 1x467* + 1x397   (* foreign)"
865,373680,74390,0.199074,3,1,0,"p=173 q=5: 5x173"
866,374545,187056,0.499422,2,1,0,"p=433 q=2: 2x433"
867,375411,124848,0.332564,2,1,0,"p=17 q=3: 3x289"
868,376278,80200,0.213140,3,1,0,"p=401 q=233: 1x467* + 1x401   (* foreign)"
869,377146,33891,0.089862,4,1,0,"p=79 q=11: 11x79"
870,378015,73153,0.193519,3,1,0,"p=383 q=3: 1x487* + 1x383   (* foreign)"
871,378885,64261,0.169606,3,1,0,"p=2 q=179: 1x512 + 1x359*   (* foreign)"
872,379756,47088,0.123995,3,1,0,"p=109 q=2: 8x109"
873,380628,41904,0.110092,4,1,0,"p=97 q=3: 9x97"
874,381501,73153,0.191750,3,1,0,"p=491 q=191: 1x491 + 1x383*   (* foreign)"
875,382375,54250,0.141876,3,1,0,"p=5 q=7: 7x125"
876,383250,83436,0.217706,3,1,0,"p=409 q=233: 1x467* + 1x409   (* foreign)"
878,385003,192282,0.499430,2,1,0,"p=439 q=2: 2x439"
879,385881,128334,0.332574,2,1,0,"p=293 q=3: 3x293"
880,386760,80200,0.207364,3,1,0,"p=401 q=239: 1x479* + 1x401   (* foreign)"
882,388521,73153,0.188286,3,1,0,"p=499 q=191: 1x499 + 1x383*   (* foreign)"
884,390286,78606,0.201406,3,1,0,"p=397 q=3: 1x487* + 1x397   (* foreign)"
885,391170,36046,0.092149,4,1,0,"p=269 q=173: 1x347* + 1x269 + 1x269   (* foreign)"
886,392055,195806,0.499435,2,1,0,"p=443 q=2: 2x443"
888,393828,88410,0.224489,3,1,0,"p=421 q=233: 1x467* + 1x421   (* foreign)"
889,394716,56007,0.141892,3,1,0,"p=127 q=7: 7x127"
890,395605,39903,0.100866,4,1,0,"p=283 q=101: 1x607* + 1x283   (* foreign)"
891,396495,35640,0.089888,4,1,0,"p=3 q=11: 11x81"
892,397386,99012,0.249158,3,1,0,"p=223 q=2: 4x223"
893,398278,25651,0.064405,4,1,0,"p=227 q=73: 1x439* + 1x227 + 1x227   (* foreign)"
894,399171,60031,0.150389,3,1,0,"p=547 q=173: 1x547 + 1x347*   (* foreign)"
895,400065,79655,0.199105,3,1,0,"p=179 q=5: 5x179"
896,400960,83436,0.208091,3,1,0,"p=409 q=3: 1x487* + 1x409   (* foreign)"
897,401856,36046,0.089699,4,1,0,"p=269 q=179: 1x359* + 1x269 + 1x269   (* foreign)"
898,402753,201152,0.499443,2,1,0,"p=449 q=2: 2x449"
899,403651,32640,0.080862,4,1,0,"p=2 q=107: 1x643* + 1x256   (* foreign)"
900,404550,93528,0.231190,3,1,0,"p=433 q=233: 1x467* + 1x433   (* foreign)"
901,405450,38226,0.094280,4,1,0,"p=277 q=173: 1x347* + 1x277 + 1x277   (* foreign)"
902,406351,39903,0.098198,4,1,0,"p=283 q=103: 1x619* + 1x283   (* foreign)"
903,407253,32896,0.080775,4,1,0,"p=257 q=97: 1x389* + 1x257 + 1x257   (* foreign)"
904,408156,80200,0.196493,3,1,0,"p=401 q=251: 1x503* + 1x401   (* foreign)"
905,409060,81450,0.199115,3,1,0,"p=181 q=5: 5x181"
906,409965,96141,0.234510,3,1,0,"p=439 q=233: 1x467* + 1x439   (* foreign)"
908,411778,102604,0.249173,3,1,0,"p=227 q=2: 4x227"
909,412686,45450,0.110132,4,1,0,"p=101 q=3: 9x101"
910,413595,97903,0.236712,3,1,0,"p=443 q=233: 1x467* + 1x443   (* foreign)"
912,415416,93528,0.225143,3,1,0,"p=433 q=239: 1x479* + 1x433   (* foreign)"
913,416328,39903,0.095845,4,1,0,"p=283 q=173: 1x347* + 1x283 + 1x283   (* foreign)"
914,417241,208392,0.499452,2,1,0,"p=457 q=2: 2x457"
915,418155,34453,0.082393,4,1,0,"p=263 q=97: 1x389* + 1x263 + 1x263   (* foreign)"
916,419070,104424,0.249180,3,1,0,"p=229 q=2: 4x229"
917,419986,59605,0.141921,3,1,0,"p=131 q=7: 7x131"
918,420903,96141,0.228416,3,1,0,"p=439 q=239: 1x479* + 1x439   (* foreign)"
920,422740,93528,0.221242,3,1,0,"p=433 q=3: 1x487* + 1x433   (* foreign)"
921,423660,140913,0.332609,2,1,0,"p=307 q=3: 3x307"
922,424581,212060,0.499457,2,1,0,"p=461 q=2: 2x461"
923,425503,32305,0.075922,4,1,0,"p=71 q=13: 13x71"
924,426426,104196,0.244347,3,1,0,"p=457 q=233: 1x467* + 1x457   (* foreign)"
925,427350,41616,0.097382,4,1,0,"p=17 q=173: 1x347* + 1x289 + 1x289   (* foreign)"
926,428275,213906,0.499459,2,1,0,"p=463 q=2: 2x463"
927,429201,47277,0.110151,4,1,0,"p=103 q=3: 9x103"
928,430128,106030,0.246508,3,1,0,"p=461 q=233: 1x467* + 1x461   (* foreign)"
930,431985,106953,0.247585,3,1,0,"p=463 q=233: 1x467* + 1x463   (* foreign)"
931,432915,36585,0.084509,4,1,0,"p=271 q=97: 1x389* + 1x271 + 1x271   (* foreign)"
932,433846,108112,0.249194,3,1,0,"p=233 q=2: 4x233"
933,434778,144615,0.332618,2,1,0,"p=311 q=3: 3x311"
934,435711,217622,0.499464,2,1,0,"p=467 q=2: 2x467"
935,436645,18464,0.042286,5,1,0,"p=179 q=2: 1x577* + 2x179   (* foreign)"
936,437580,104196,0.238119,3,1,0,"p=457 q=239: 1x479* + 1x457   (* foreign)"
938,439453,54615,0.124280,3,1,0,"p=331 q=101: 1x607* + 1x331   (* foreign)"
939,440391,146484,0.332623,2,1,0,"p=313 q=3: 3x313"
940,441330,106030,0.240251,3,1,0,"p=461 q=239: 1x479* + 1x461   (* foreign)"
942,443211,106953,0.241314,3,1,0,"p=463 q=239: 1x479* + 1x463   (* foreign)"
943,444153,37733,0.084955,4,1,0,"p=277 q=97: 1x389* + 1x277 + 1x277   (* foreign)"
944,445096,104196,0.234098,3,1,0,"p=457 q=3: 1x487* + 1x457   (* foreign)"
945,446040,42778,0.095906,4,1,0,"p=293 q=179: 1x359* + 1x293 + 1x293   (* foreign)"
946,446985,108811,0.243433,3,1,0,"p=467 q=239: 1x479* + 1x467   (* foreign)"
948,448878,106030,0.236211,3,1,0,"p=461 q=3: 1x487* + 1x461   (* foreign)"
949,449826,39903,0.088708,4,1,0,"p=283 q=191: 1x383* + 1x283 + 1x283   (* foreign)"
950,450775,106953,0.237265,3,1,0,"p=463 q=3: 1x487* + 1x463   (* foreign)"
951,451725,150258,0.332632,2,1,0,"p=317 q=3: 3x317"
952,452676,100576,0.222181,3,1,0,"p=449 q=251: 1x503* + 1x449   (* foreign)"
954,454581,108811,0.239365,3,1,0,"p=467 q=3: 1x487* + 1x467   (* foreign)"
955,455535,90725,0.199161,3,1,0,"p=191 q=5: 5x191"
956,456490,113764,0.249215,3,1,0,"p=239 q=2: 4x239"
957,457446,34453,0.075316,4,1,0,"p=347 q=131: 1x347 + 1x347 + 1x263*   (* foreign)"
958,458403,228962,0.499478,2,1,0,"p=479 q=2: 2x479"
959,459361,65212,0.141962,3,1,0,"p=137 q=7: 7x137"
960,460320,104196,0.226356,3,1,0,"p=457 q=251: 1x503* + 1x457   (* foreign)"
962,462241,58653,0.126888,3,1,0,"p=7 q=103: 1x619* + 1x343   (* foreign)"
963,463203,51039,0.110187,4,1,0,"p=107 q=3: 9x107"
964,464166,115680,0.249221,3,1,0,"p=241 q=2: 4x241"
965,465130,92640,0.199170,3,1,0,"p=193 q=5: 5x193"
966,466095,114481,0.245617,3,1,0,"p=479 q=3: 1x487* + 1x479   (* foreign)"
968,468028,61307,0.130990,3,1,0,"p=19 q=101: 1x607* + 1x361   (* foreign)"
969,468996,48205,0.102783,4,1,0,"p=311 q=173: 1x347* + 1x311 + 1x311   (* foreign)"
970,469965,114481,0.243595,3,1,0,"p=491 q=239: 1x491 + 1x479*   (* foreign)"
972,471906,117612,0.249228,3,1,0,"p=3 q=2: 4x243"
973,472878,67137,0.141975,3,1,0,"p=139 q=7: 7x139"
974,473851,236682,0.499486,2,1,0,"p=487 q=2: 2x487"
975,474825,37733,0.079467,4,1,0,"p=293 q=97: 1x389* + 1x293 + 1x293   (* foreign)"
976,475800,108811,0.228691,3,1,0,"p=509 q=233: 1x509 + 1x467*   (* foreign)"
978,477753,118341,0.247703,3,1,0,"p=491 q=3: 1x491 + 1x487*   (* foreign)"
979,478731,108811,0.227290,3,1,0,"p=2 q=233: 1x512 + 1x467*   (* foreign)"
980,479710,63757,0.132907,3,1,0,"p=19 q=103: 1x619* + 1x361   (* foreign)"
981,480690,52974,0.110204,4,1,0,"p=109 q=3: 9x109"
982,481671,240590,0.499490,2,1,0,"p=491 q=2: 2x491"
984,483636,88410,0.182803,3,1,0,"p=421 q=281: 1x563* + 1x421   (* foreign)"
985,484620,96530,0.199187,3,1,0,"p=197 q=5: 5x197"
986,485605,118341,0.243698,3,1,0,"p=499 q=3: 1x499 + 1x487*   (* foreign)"
987,486591,29756,0.061152,5,1,0,"p=173 q=2: 1x641* + 2x173   (* foreign)"
988,487578,114481,0.234795,3,1,0,"p=509 q=239: 1x509 + 1x479*   (* foreign)"
989,488566,32640,0.066808,4,1,0,"p=2 q=61: 1x733* + 1x256   (* foreign)"
990,489555,118341,0.241732,3,1,0,"p=487 q=251: 1x503* + 1x487   (* foreign)"
992,491536,63757,0.129710,3,1,0,"p=373 q=103: 1x619* + 1x373   (* foreign)"
993,492528,163845,0.332661,2,1,0,"p=331 q=3: 3x331"
994,493521,120295,0.243748,3,1,0,"p=491 q=251: 1x503* + 1x491   (* foreign)"
995,494515,98505,0.199195,3,1,0,"p=199 q=5: 5x199"
996,495510,118341,0.238827,3,1,0,"p=509 q=3: 1x509 + 1x487*   (* foreign)"
998,497503,248502,0.499498,2,1,0,"p=499 q=2: 2x499"
999,498501,118341,0.237394,3,1,0,"p=2 q=3: 1x512 + 1x487*   (* foreign)"
1000,499500,114481,0.229191,3,1,0,"p=521 q=239: 1x521 + 1x479*   (* foreign)"
1001,500500,32896,0.065726,4,1,0,"p=257 q=3: 1x487* + 1x257 + 1x257   (* foreign)"
1002,501501,124251,0.247758,3,1,0,"p=499 q=251: 1x503* + 1x499   (* foreign)"
1003,502503,37733,0.075090,4,1,0,"p=307 q=97: 1x389* + 1x307 + 1x307   (* foreign)"
1004,503506,125500,0.249252,3,1,0,"p=251 q=2: 4x251"
1005,504510,48205,0.095548,4,1,0,"p=311 q=191: 1x383* + 1x311 + 1x311   (* foreign)"
1006,505515,252506,0.499502,2,1,0,"p=503 q=2: 2x503"
1007,506521,32640,0.064440,4,1,0,"p=2 q=5: 1x751* + 1x256   (* foreign)"
1008,507528,118341,0.233171,3,1,0,"p=521 q=3: 1x521 + 1x487*   (* foreign)"
1010,509545,118341,0.232248,3,1,0,"p=523 q=3: 1x523 + 1x487*   (* foreign)"
1011,510555,169848,0.332673,2,1,0,"p=337 q=3: 3x337"
1012,511566,126253,0.246797,3,1,0,"p=509 q=251: 1x509 + 1x503*   (* foreign)"
1014,513591,108811,0.211863,3,1,0,"p=547 q=233: 1x547 + 1x467*   (* foreign)"
1015,514605,126253,0.245340,3,1,0,"p=2 q=251: 1x512 + 1x503*   (* foreign)"
1016,515620,118341,0.229512,3,1,0,"p=23 q=3: 1x529 + 1x487*   (* foreign)"
1017,516636,56952,0.110236,4,1,0,"p=113 q=3: 9x113"
1018,517653,258572,0.499508,2,1,0,"p=509 q=2: 2x509"
1020,519690,114481,0.220287,3,1,0,"p=541 q=239: 1x541 + 1x479*   (* foreign)"
1022,521731,68801,0.131871,3,1,0,"p=379 q=107: 1x643* + 1x379   (* foreign)"
1023,522753,37733,0.072181,4,1,0,"p=317 q=97: 1x389* + 1x317 + 1x317   (* foreign)"
1025,524800,36046,0.068685,4,1,0,"p=269 q=3: 1x487* + 1x269 + 1x269   (* foreign)"
1026,525825,126253,0.240105,3,1,0,"p=523 q=251: 1x523 + 1x503*   (* foreign)"
1027,526851,40053,0.076023,4,1,0,"p=79 q=13: 13x79"
1028,527878,131584,0.249270,3,1,0,"p=257 q=2: 4x257"
1029,528906,175959,0.332685,2,1,0,"p=7 q=3: 3x343"
1030,529935,108811,0.205329,3,1,0,"p=467 q=281: 1x563* + 1x467   (* foreign)"
1032,531996,126253,0.237319,3,1,0,"p=23 q=251: 1x529 + 1x503*   (* foreign)"
1034,534061,118341,0.221587,3,1,0,"p=547 q=3: 1x547 + 1x487*   (* foreign)"
1035,535095,38612,0.072159,4,1,0,"p=197 q=2: 1x641* + 2x197   (* foreign)"
1036,536130,114481,0.213532,3,1,0,"p=557 q=239: 1x557 + 1x479*   (* foreign)"
1037,537166,36046,0.067104,4,1,0,"p=269 q=83: 1x499* + 1x269 + 1x269   (* foreign)"
1038,538203,108811,0.202175,3,1,0,"p=571 q=233: 1x571 + 1x467*   (* foreign)"
1040,540280,68801,0.127343,3,1,0,"p=397 q=107: 1x643* + 1x397   (* foreign)"
1041,541320,180093,0.332692,2,1,0,"p=347 q=3: 3x347"
1042,542361,270920,0.499520,2,1,0,"p=521 q=2: 2x521"
1043,543403,77182,0.142035,3,1,0,"p=149 q=7: 7x149"
1044,544446,126253,0.231893,3,1,0,"p=541 q=251: 1x541 + 1x503*   (* foreign)"
1045,545490,60031,0.110050,4,1,0,"p=349 q=173: 1x349 + 1x349 + 1x347*   (* foreign)"
1046,546535,273006,0.499522,2,1,0,"p=523 q=2: 2x523"
1047,547581,182178,0.332696,2,1,0,"p=349 q=3: 3x349"
1048,548628,114481,0.208668,3,1,0,"p=569 q=239: 1x569 + 1x479*   (* foreign)"
1050,550725,126253,0.229249,3,1,0,"p=547 q=251: 1x547 + 1x503*   (* foreign)"
1052,552826,137812,0.249286,3,1,0,"p=263 q=2: 4x263"
1053,553878,60031,0.108383,4,1,0,"p=347 q=179: 1x359* + 1x347 + 1x347   (* foreign)"
1054,554931,120295,0.216775,3,1,0,"p=491 q=281: 1x563* + 1x491   (* foreign)"
1055,555985,110775,0.199241,3,1,0,"p=211 q=5: 5x211"
1056,557040,118341,0.212446,3,1,0,"p=569 q=3: 1x569 + 1x487*   (* foreign)"
1057,558096,79275,0.142045,3,1,0,"p=151 q=7: 7x151"
1058,559153,279312,0.499527,2,1,0,"p=23 q=2: 2x529"
1059,560211,186384,0.332703,2,1,0,"p=353 q=3: 3x353"
1060,561270,126253,0.224942,3,1,0,"p=557 q=251: 1x557 + 1x503*   (* foreign)"
1062,563391,124251,0.220541,3,1,0,"p=499 q=281: 1x563* + 1x499   (* foreign)"
1064,565516,118341,0.209262,3,1,0,"p=577 q=3: 1x577 + 1x487*   (* foreign)"
1065,566580,62128,0.109654,4,1,0,"p=353 q=179: 1x359* + 1x353 + 1x353   (* foreign)"
1066,567645,126253,0.222415,3,1,0,"p=503 q=281: 1x563* + 1x503   (* foreign)"
1067,568711,51216,0.090056,4,1,0,"p=97 q=11: 11x97"
1068,569778,108811,0.190971,3,1,0,"p=601 q=233: 1x601 + 1x467*   (* foreign)"
1070,571915,61307,0.107196,4,1,0,"p=463 q=101: 1x607* + 1x463   (* foreign)"
1071,572985,39340,0.068658,4,1,0,"p=281 q=127: 1x509* + 1x281 + 1x281   (* foreign)"
1072,574056,129286,0.225215,3,1,0,"p=509 q=281: 1x563* + 1x509   (* foreign)"
1073,575128,42778,0.074380,4,1,0,"p=293 q=3: 1x487* + 1x293 + 1x293   (* foreign)"
1074,576201,126253,0.219113,3,1,0,"p=571 q=251: 1x571 + 1x503*   (* foreign)"
1075,577275,130816,0.226610,3,1,0,"p=2 q=281: 1x563* + 1x512   (* foreign)"
1076,578350,144184,0.249302,3,1,0,"p=269 q=2: 4x269"
1077,579426,192783,0.332714,2,1,0,"p=359 q=3: 3x359"
1078,580503,120295,0.207225,3,1,0,"p=491 q=293: 1x587* + 1x491   (* foreign)"
1079,581581,44239,0.076067,4,1,0,"p=83 q=13: 13x83"
1080,582660,126253,0.216684,3,1,0,"p=577 q=251: 1x577 + 1x503*   (* foreign)"
1081,583740,64261,0.110085,4,1,0,"p=19 q=179: 1x361 + 1x361 + 1x359*   (* foreign)"
1082,584821,292140,0.499537,2,1,0,"p=541 q=2: 2x541"
1083,585903,194940,0.332717,2,1,0,"p=19 q=3: 3x361"
1084,586986,146340,0.249307,3,1,0,"p=271 q=2: 4x271"
1085,588070,41417,0.070429,4,1,0,"p=293 q=83: 1x499* + 1x293 + 1x293   (* foreign)"
1086,589155,136503,0.231693,3,1,0,"p=523 q=281: 1x563* + 1x523   (* foreign)"
1088,591328,118341,0.200128,3,1,0,"p=601 q=3: 1x601 + 1x487*   (* foreign)"
1089,592416,65340,0.110294,4,1,0,"p=11 q=3: 9x121"
1090,593505,126253,0.212724,3,1,0,"p=503 q=293: 1x587* + 1x503   (* foreign)"
1092,595686,139656,0.234446,3,1,0,"p=23 q=281: 1x563* + 1x529   (* foreign)"
1094,597871,298662,0.499543,2,1,0,"p=547 q=2: 2x547"
1095,598965,42778,0.071420,4,1,0,"p=293 q=127: 1x509* + 1x293 + 1x293   (* foreign)"
1096,600060,129286,0.215455,3,1,0,"p=509 q=293: 1x587* + 1x509   (* foreign)"
1098,602253,114481,0.190088,3,1,0,"p=619 q=239: 1x619 + 1x479*   (* foreign)"
1099,603351,130816,0.216816,3,1,0,"p=2 q=293: 1x587* + 1x512   (* foreign)"
1100,604450,118341,0.195783,3,1,0,"p=613 q=3: 1x613 + 1x487*   (* foreign)"
1101,605550,201483,0.332727,2,1,0,"p=367 q=3: 3x367"
1102,606651,126253,0.208115,3,1,0,"p=599 q=251: 1x599 + 1x503*   (* foreign)"
1104,608856,146070,0.239909,3,1,0,"p=541 q=281: 1x563* + 1x541   (* foreign)"
1105,609960,64980,0.106532,4,1,0,"p=19 q=191: 1x383* + 1x361 + 1x361   (* foreign)"
1106,611065,118341,0.193664,3,1,0,"p=619 q=3: 1x619 + 1x487*   (* foreign)"
1107,612171,41024,0.067014,4,1,0,"p=233 q=2: 1x641* + 2x233   (* foreign)"
1108,613278,152904,0.249322,3,1,0,"p=277 q=2: 4x277"
1110,615495,149331,0.242619,3,1,0,"p=547 q=281: 1x563* + 1x547   (* foreign)"
1111,616605,55550,0.090090,4,1,0,"p=101 q=11: 11x101"
1112,617716,118341,0.191578,3,1,0,"p=5 q=3: 1x625 + 1x487*   (* foreign)"
1113,618828,60031,0.097008,4,1,0,"p=383 q=173: 1x383 + 1x383 + 1x347*   (* foreign)"
1114,619941,309692,0.499551,2,1,0,"p=557 q=2: 2x557"
1115,621055,123765,0.199282,3,1,0,"p=223 q=5: 5x223"
1116,622170,139656,0.224466,3,1,0,"p=23 q=293: 1x587* + 1x529   (* foreign)"
1118,624403,118341,0.189527,3,1,0,"p=631 q=3: 1x631 + 1x487*   (* foreign)"
1119,625521,208134,0.332737,2,1,0,"p=373 q=3: 3x373"
1120,626640,154846,0.247105,3,1,0,"p=557 q=281: 1x563* + 1x557   (* foreign)"
1121,627760,50086,0.079785,4,1,0,"p=317 q=3: 1x487* + 1x317 + 1x317   (* foreign)"
1122,628881,126253,0.200758,3,1,0,"p=619 q=251: 1x619 + 1x503*   (* foreign)"
1124,631126,157360,0.249332,3,1,0,"p=281 q=2: 4x281"
1125,632250,69750,0.110320,4,1,0,"p=5 q=3: 9x125"
1126,633375,316406,0.499556,2,1,0,"p=563 q=2: 2x563"
1127,634501,41024,0.064656,4,1,0,"p=3 q=2: 1x641* + 2x243   (* foreign)"
1128,635628,146070,0.229804,3,1,0,"p=541 q=293: 1x587* + 1x541   (* foreign)"
1130,637885,118341,0.185521,3,1,0,"p=643 q=3: 1x643 + 1x487*   (* foreign)"
1131,639015,63757,0.099774,4,1,0,"p=2 q=103: 1x619* + 1x512   (* foreign)"
1132,640146,159612,0.249337,3,1,0,"p=283 q=2: 4x283"
1133,641278,57783,0.090106,4,1,0,"p=103 q=11: 11x103"
1134,642411,158203,0.246264,3,1,0,"p=571 q=281: 1x571 + 1x563*   (* foreign)"
1135,643545,128255,0.199295,3,1,0,"p=227 q=5: 5x227"
1136,644680,83436,0.129422,3,1,0,"p=409 q=11: 1x727* + 1x409   (* foreign)"
1137,645816,214893,0.332746,2,1,0,"p=379 q=3: 3x379"
1138,646953,323192,0.499560,2,1,0,"p=569 q=2: 2x569"
1139,648091,37587,0.057996,5,1,0,"p=67 q=17: 17x67"
1140,649230,158203,0.243678,3,1,0,"p=577 q=281: 1x577 + 1x563*   (* foreign)"
1141,650370,92421,0.142105,3,1,0,"p=163 q=7: 7x163"
1142,651511,325470,0.499562,2,1,0,"p=571 q=2: 2x571"
1143,652653,72009,0.110333,4,1,0,"p=127 q=3: 9x127"
1144,653796,154846,0.236841,3,1,0,"p=557 q=293: 1x587* + 1x557   (* foreign)"
1145,654940,130530,0.199301,3,1,0,"p=229 q=5: 5x229"
1146,656085,126253,0.192434,3,1,0,"p=643 q=251: 1x643 + 1x503*   (* foreign)"
1147,657231,40399,0.061468,5,1,0,"p=17 q=71: 1x569* + 1x289 + 1x289   (* foreign)"
1148,658378,118341,0.179746,3,1,0,"p=661 q=3: 1x661 + 1x487*   (* foreign)"
1149,659526,219459,0.332753,2,1,0,"p=383 q=3: 3x383"
1150,660675,158203,0.239457,3,1,0,"p=563 q=293: 1x587* + 1x563   (* foreign)"
1152,662976,114481,0.172677,3,1,0,"p=673 q=239: 1x673 + 1x479*   (* foreign)"
1154,665281,332352,0.499566,2,1,0,"p=577 q=2: 2x577"
1155,666435,68801,0.103237,4,1,0,"p=2 q=107: 1x643* + 1x512   (* foreign)"
1156,667590,166464,0.249351,3,1,0,"p=17 q=2: 4x289"
1157,668746,50908,0.076125,4,1,0,"p=89 q=13: 13x89"
1158,669903,162735,0.242923,3,1,0,"p=571 q=293: 1x587* + 1x571   (* foreign)"
1159,671061,34770,0.051813,5,1,0,"p=61 q=19: 19x61"
1160,672220,118341,0.176045,3,1,0,"p=673 q=3: 1x673 + 1x487*   (* foreign)"
1161,673380,73153,0.108636,4,1,0,"p=389 q=191: 1x389 + 1x389 + 1x383*   (* foreign)"
1162,674541,158203,0.234534,3,1,0,"p=599 q=281: 1x599 + 1x563*   (* foreign)"
1164,676866,166176,0.245508,3,1,0,"p=577 q=293: 1x587* + 1x577   (* foreign)"
1165,678030,135140,0.199313,3,1,0,"p=233 q=5: 5x233"
1166,679195,87967,0.129517,3,1,0,"p=439 q=11: 1x727* + 1x439   (* foreign)"
1167,680361,226398,0.332762,2,1,0,"p=389 q=3: 3x389"
1168,681528,114413,0.167877,3,1,0,"p=491 q=13: 1x677* + 1x491   (* foreign)"
1169,682696,97027,0.142123,3,1,0,"p=167 q=7: 7x167"
1170,683865,158203,0.231337,3,1,0,"p=607 q=281: 1x607 + 1x563*   (* foreign)"
1172,686206,171112,0.249360,3,1,0,"p=293 q=2: 4x293"
1173,687378,62128,0.090384,4,1,0,"p=353 q=233: 1x467* + 1x353 + 1x353   (* foreign)"
1174,688551,343982,0.499574,2,1,0,"p=587 q=2: 2x587"
1175,689725,32896,0.047694,5,1,0,"p=277 q=2: 1x641* + 1x277 + 1x257*   (* foreign)"
1176,690900,158203,0.228981,3,1,0,"p=613 q=281: 1x613 + 1x563*   (* foreign)"
1177,692076,73153,0.105701,4,1,0,"p=397 q=191: 1x397 + 1x397 + 1x383*   (* foreign)"
1178,693253,118341,0.170704,3,1,0,"p=691 q=3: 1x691 + 1x487*   (* foreign)"
1179,694431,76635,0.110357,4,1,0,"p=131 q=3: 9x131"
1180,695610,171991,0.247252,3,1,0,"p=593 q=293: 1x593 + 1x587*   (* foreign)"
1182,697971,158203,0.226661,3,1,0,"p=619 q=281: 1x619 + 1x563*   (* foreign)"
1183,699153,99372,0.142132,3,1,0,"p=13 q=7: 7x169"
1184,700336,93528,0.133547,3,1,0,"p=433 q=5: 1x751* + 1x433   (* foreign)"
1185,701520,73153,0.104278,4,1,0,"p=401 q=191: 1x401 + 1x401 + 1x383*   (* foreign)"
1186,702705,351056,0.499578,2,1,0,"p=593 q=2: 2x593"
1188,705078,171991,0.243932,3,1,0,"p=601 q=293: 1x601 + 1x587*   (* foreign)"
1189,706266,114413,0.161997,3,1,0,"p=2 q=13: 1x677* + 1x512   (* foreign)"
1190,707455,93875,0.132694,3,1,0,"p=439 q=5: 1x751* + 1x439   (* foreign)"
1191,708645,235818,0.332773,2,1,0,"p=397 q=3: 3x397"
1192,709836,88208,0.124265,3,1,0,"p=149 q=2: 8x149"
1194,712221,171991,0.241485,3,1,0,"p=607 q=293: 1x607 + 1x587*   (* foreign)"
1195,713415,142205,0.199330,3,1,0,"p=239 q=5: 5x239"
1196,714610,118341,0.165602,3,1,0,"p=709 q=3: 1x709 + 1x487*   (* foreign)"
1197,715806,64261,0.089774,4,1,0,"p=359 q=239: 1x479* + 1x359 + 1x359   (* foreign)"
1198,717003,358202,0.499582,2,1,0,"p=599 q=2: 2x599"
1199,718201,64746,0.090150,4,1,0,"p=109 q=11: 11x109"
1200,719400,171991,0.239076,3,1,0,"p=613 q=293: 1x613 + 1x587*   (* foreign)"
1202,721801,360600,0.499584,2,1,0,"p=601 q=2: 2x601"
1203,723003,240600,0.332779,2,1,0,"p=401 q=3: 3x401"
1204,724206,171991,0.237489,3,1,0,"p=617 q=293: 1x617 + 1x587*   (* foreign)"
1205,725410,144600,0.199336,3,1,0,"p=241 q=5: 5x241"
1206,726615,171991,0.236702,3,1,0,"p=619 q=293: 1x619 + 1x587*   (* foreign)"
1207,727821,60726,0.083435,4,1,0,"p=349 q=127: 1x509* + 1x349 + 1x349   (* foreign)"
1208,729028,114481,0.157032,3,1,0,"p=3 q=239: 1x729 + 1x479*   (* foreign)"
1209,730236,64980,0.088985,4,1,0,"p=19 q=3: 1x487* + 1x361 + 1x361   (* foreign)"
1210,731445,158203,0.216288,3,1,0,"p=647 q=281: 1x647 + 1x563*   (* foreign)"
1211,732655,104146,0.142149,3,1,0,"p=173 q=7: 7x173"
1212,733866,171991,0.234363,3,1,0,"p=5 q=293: 1x625 + 1x587*   (* foreign)"
1214,736291,367842,0.499588,2,1,0,"p=607 q=2: 2x607"
1215,737505,147015,0.199341,3,1,0,"p=3 q=5: 5x243"
1216,738720,158203,0.214158,3,1,0,"p=653 q=281: 1x653 + 1x563*   (* foreign)"
1218,741153,171991,0.232059,3,1,0,"p=631 q=293: 1x631 + 1x587*   (* foreign)"
1219,742371,54615,0.073568,4,1,0,"p=331 q=139: 1x557* + 1x331 + 1x331   (* foreign)"
1220,743590,118341,0.159148,3,1,0,"p=733 q=3: 1x733 + 1x487*   (* foreign)"
1221,744810,73153,0.098217,4,1,0,"p=419 q=191: 1x419 + 1x419 + 1x383*   (* foreign)"
1222,746031,158203,0.212060,3,1,0,"p=659 q=281: 1x659 + 1x563*   (* foreign)"
1224,748476,158203,0.211367,3,1,0,"p=661 q=281: 1x661 + 1x563*   (* foreign)"
1225,749700,73153,0.097576,4,1,0,"p=421 q=191: 1x421 + 1x421 + 1x383*   (* foreign)"
1226,750925,375156,0.499592,2,1,0,"p=613 q=2: 2x613"
1227,752151,250308,0.332790,2,1,0,"p=409 q=3: 3x409"
1228,753378,187884,0.249389,3,1,0,"p=307 q=2: 4x307"
1230,755835,171991,0.227551,3,1,0,"p=643 q=293: 1x643 + 1x587*   (* foreign)"
1232,758296,126253,0.166496,3,1,0,"p=3 q=251: 1x729 + 1x503*   (* foreign)"
1233,759528,83844,0.110390,4,1,0,"p=137 q=3: 9x137"
1234,760761,380072,0.499594,2,1,0,"p=617 q=2: 2x617"
1235,761995,54056,0.070940,4,1,0,"p=233 q=2: 1x769* + 2x233   (* foreign)"
1236,763230,158203,0.207281,3,1,0,"p=673 q=281: 1x673 + 1x563*   (* foreign)"
1238,765703,382542,0.499596,2,1,0,"p=619 q=2: 2x619"
1239,766941,87967,0.114699,3,1,0,"p=2 q=11: 1x727* + 1x512   (* foreign)"
1240,768180,171991,0.223894,3,1,0,"p=653 q=293: 1x653 + 1x587*   (* foreign)"
1241,769420,50086,0.065096,4,1,0,"p=317 q=101: 1x607* + 1x317 + 1x317   (* foreign)"
1242,770661,136503,0.177125,3,1,0,"p=523 q=359: 1x719* + 1x523   (* foreign)"
1243,771903,69608,0.090177,4,1,0,"p=113 q=11: 11x113"
1244,773146,192820,0.249397,3,1,0,"p=311 q=2: 4x311"
1245,774390,75466,0.097452,4,1,0,"p=389 q=233: 1x467* + 1x389 + 1x389   (* foreign)"
1246,775635,171991,0.221742,3,1,0,"p=659 q=293: 1x659 + 1x587*   (* foreign)"
1247,776881,56882,0.073218,4,1,0,"p=239 q=2: 1x769* + 2x239   (* foreign)"
1248,778128,171991,0.221032,3,1,0,"p=661 q=293: 1x661 + 1x587*   (* foreign)"
1250,780625,390000,0.499600,2,1,0,"p=5 q=2: 2x625"
1251,781875,86319,0.110400,4,1,0,"p=139 q=3: 9x139"
1252,783126,195312,0.249400,3,1,0,"p=313 q=2: 4x313"
1253,784378,111517,0.142173,3,1,0,"p=179 q=7: 7x179"
1254,785631,158203,0.201371,3,1,0,"p=691 q=281: 1x691 + 1x563*   (* foreign)"
1255,786885,156875,0.199362,3,1,0,"p=251 q=5: 5x251"
1256,788140,118341,0.150152,3,1,0,"p=769 q=3: 1x769 + 1x487*   (* foreign)"
1257,789396,262713,0.332803,2,1,0,"p=419 q=3: 3x419"
1258,790653,106030,0.134104,3,1,0,"p=461 q=199: 1x797* + 1x461   (* foreign)"
1260,793170,171991,0.216840,3,1,0,"p=673 q=293: 1x673 + 1x587*   (* foreign)"
1261,794430,78606,0.098946,4,1,0,"p=397 q=233: 1x467* + 1x397 + 1x397   (* foreign)"
1262,795691,397530,0.499603,2,1,0,"p=631 q=2: 2x631"
1263,796953,265230,0.332805,2,1,0,"p=421 q=3: 3x421"
1264,798216,171991,0.215469,3,1,0,"p=677 q=293: 1x677 + 1x587*   (* foreign)"
1265,799480,75466,0.094394,4,1,0,"p=389 q=3: 1x487* + 1x389 + 1x389   (* foreign)"
1266,800745,149331,0.186490,3,1,0,"p=547 q=359: 1x719* + 1x547   (* foreign)"
1267,802011,114030,0.142180,3,1,0,"p=181 q=7: 7x181"
1268,803278,200344,0.249408,3,1,0,"p=317 q=2: 4x317"
1269,804546,80200,0.099684,4,1,0,"p=401 q=233: 1x467* + 1x401 + 1x401   (* foreign)"
1270,805815,171991,0.213437,3,1,0,"p=683 q=293: 1x683 + 1x587*   (* foreign)"
1271,807085,62750,0.077749,4,1,0,"p=251 q=2: 1x769* + 2x251   (* foreign)"
1272,808356,158203,0.195710,3,1,0,"p=709 q=281: 1x709 + 1x563*   (* foreign)"
1273,809628,78606,0.097089,4,1,0,"p=397 q=239: 1x479* + 1x397 + 1x397   (* foreign)"
1274,810901,118341,0.145938,3,1,0,"p=787 q=3: 1x787 + 1x487*   (* foreign)"
1275,812175,64643,0.079592,4,1,0,"p=383 q=127: 1x509* + 1x383 + 1x383   (* foreign)"
1276,813450,154846,0.190357,3,1,0,"p=557 q=359: 1x719* + 1x557   (* foreign)"
1278,816003,171991,0.210773,3,1,0,"p=691 q=293: 1x691 + 1x587*   (* foreign)"
1280,818560,163200,0.199375,3,1,0,"p=2 q=5: 5x256"
1281,819840,98432,0.120062,3,1,0,"p=2 q=2: 1x769* + 1x512   (* foreign)"
1282,821121,410240,0.499610,2,1,0,"p=641 q=2: 2x641"
1284,823686,118341,0.143672,3,1,0,"p=487 q=199: 1x797* + 1x487   (* foreign)"
1285,824970,164480,0.199377,3,1,0,"p=257 q=5: 5x257"
1286,826255,412806,0.499611,2,1,0,"p=643 q=2: 2x643"
1287,827541,64643,0.078115,4,1,0,"p=389 q=127: 1x509* + 1x389 + 1x389   (* foreign)"
1288,828828,171991,0.207511,3,1,0,"p=701 q=293: 1x701 + 1x587*   (* foreign)"
1290,831405,162735,0.195735,3,1,0,"p=571 q=359: 1x719* + 1x571   (* foreign)"
1292,833986,158203,0.189695,3,1,0,"p=3 q=281: 1x729 + 1x563*   (* foreign)"
1293,835278,277995,0.332817,2,1,0,"p=431 q=3: 3x431"
1294,836571,417962,0.499613,2,1,0,"p=647 q=2: 2x647"
1295,837865,68906,0.082240,4,1,0,"p=263 q=2: 1x769* + 2x263   (* foreign)"
1296,839160,171991,0.204956,3,1,0,"p=709 q=293: 1x709 + 1x587*   (* foreign)"
1298,841753,118341,0.140589,3,1,0,"p=811 q=3: 1x811 + 1x487*   (* foreign)"
1299,843051,280584,0.332820,2,1,0,"p=433 q=3: 3x433"
1300,844350,126253,0.149527,3,1,0,"p=503 q=199: 1x797* + 1x503   (* foreign)"
1302,846951,158203,0.186791,3,1,0,"p=739 q=281: 1x739 + 1x563*   (* foreign)"
1304,849556,105624,0.124328,3,1,0,"p=163 q=2: 8x163"
1305,850860,87571,0.102921,4,1,0,"p=419 q=233: 1x467* + 1x419 + 1x419   (* foreign)"
1306,852165,425756,0.499617,2,1,0,"p=653 q=2: 2x653"
1308,854778,118341,0.138446,3,1,0,"p=821 q=3: 1x821 + 1x487*   (* foreign)"
1309,856086,130816,0.152807,3,1,0,"p=2 q=199: 1x797* + 1x512   (* foreign)"
1310,857395,118341,0.138024,3,1,0,"p=823 q=3: 1x823 + 1x487*   (* foreign)"
1311,858705,73170,0.085210,4,1,0,"p=271 q=2: 1x769* + 2x271   (* foreign)"
1312,860016,175528,0.204099,3,1,0,"p=593 q=359: 1x719* + 1x593   (* foreign)"
1313,861328,65650,0.076220,4,1,0,"p=101 q=13: 13x101"
1314,862641,171991,0.199377,3,1,0,"p=727 q=293: 1x727 + 1x587*   (* foreign)"
1315,863955,172265,0.199391,3,1,0,"p=263 q=5: 5x263"
1316,865270,171991,0.198771,3,1,0,"p=3 q=293: 1x729 + 1x587*   (* foreign)"
1317,866586,288423,0.332827,2,1,0,"p=439 q=3: 3x439"
1318,867903,433622,0.499620,2,1,0,"p=659 q=2: 2x659"
1320,870540,180300,0.207113,3,1,0,"p=601 q=359: 1x719* + 1x601   (* foreign)"
1322,873181,436260,0.499621,2,1,0,"p=661 q=2: 2x661"
1323,874503,76452,0.087423,4,1,0,"p=277 q=2: 1x769* + 2x277   (* foreign)"
1324,875826,218460,0.249433,3,1,0,"p=331 q=2: 4x331"
1325,877150,87571,0.099836,4,1,0,"p=419 q=3: 1x487* + 1x419 + 1x419   (* foreign)"
1326,878475,183921,0.209364,3,1,0,"p=607 q=359: 1x719* + 1x607   (* foreign)"
1328,881128,118341,0.134306,3,1,0,"p=29 q=3: 1x841 + 1x487*   (* foreign)"
1329,882456,293709,0.332831,2,1,0,"p=443 q=3: 3x443"
1330,883785,171991,0.194607,3,1,0,"p=743 q=293: 1x743 + 1x587*   (* foreign)"
1332,886446,187578,0.211607,3,1,0,"p=613 q=359: 1x719* + 1x613   (* foreign)"
1333,887778,93528,0.105351,4,1,0,"p=433 q=233: 1x467* + 1x433 + 1x433   (* foreign)"
1334,889111,103097,0.115955,3,1,0,"p=547 q=131: 1x787* + 1x547   (* foreign)"
1335,890445,112751,0.126623,3,1,0,"p=2 q=137: 1x823* + 1x512   (* foreign)"
1336,891780,190036,0.213097,3,1,0,"p=617 q=359: 1x719* + 1x617   (* foreign)"
1337,893116,127015,0.142216,3,1,0,"p=191 q=7: 7x191"
1338,894453,191271,0.213841,3,1,0,"p=619 q=359: 1x719* + 1x619   (* foreign)"
1339,895791,68289,0.076233,4,1,0,"p=103 q=13: 13x103"
1340,897130,118341,0.131911,3,1,0,"p=853 q=3: 1x853 + 1x487*   (* foreign)"
1341,898470,99234,0.110448,4,1,0,"p=149 q=3: 9x149"
1342,899811,149189,0.165800,3,1,0,"p=569 q=193: 1x773* + 1x569   (* foreign)"
1343,901153,52377,0.058122,5,1,0,"p=79 q=17: 17x79"
1344,902496,195000,0.216067,3,1,0,"p=5 q=359: 1x719* + 1x625   (* foreign)"
1345,903840,180230,0.199405,3,1,0,"p=269 q=5: 5x269"
1346,905185,452256,0.499628,2,1,0,"p=673 q=2: 2x673"
1347,906531,301728,0.332838,2,1,0,"p=449 q=3: 3x449"
1348,907878,226464,0.249443,3,1,0,"p=337 q=2: 4x337"
1349,909226,92665,0.101916,4,1,0,"p=431 q=3: 1x487* + 1x431 + 1x431   (* foreign)"
1350,910575,198765,0.218285,3,1,0,"p=631 q=359: 1x719* + 1x631   (* foreign)"
1351,911925,130816,0.143450,3,1,0,"p=2 q=419: 1x839* + 1x512   (* foreign)"
1352,913276,113568,0.124352,3,1,0,"p=13 q=2: 8x169"
1353,914628,97903,0.107041,4,1,0,"p=443 q=233: 1x467* + 1x443 + 1x443   (* foreign)"
1354,915981,457652,0.499630,2,1,0,"p=677 q=2: 2x677"
1355,917335,182925,0.199409,3,1,0,"p=271 q=5: 5x271"
1356,918690,171991,0.187213,3,1,0,"p=769 q=293: 1x769 + 1x587*   (* foreign)"
1357,920046,96141,0.104496,4,1,0,"p=439 q=239: 1x479* + 1x439 + 1x439   (* foreign)"
1358,921403,103097,0.111891,3,1,0,"p=571 q=131: 1x787* + 1x571   (* foreign)"
1359,922761,101925,0.110457,4,1,0,"p=151 q=3: 9x151"
1360,924120,205120,0.221963,3,1,0,"p=641 q=359: 1x719* + 1x641   (* foreign)"
1362,926841,206403,0.222695,3,1,0,"p=643 q=359: 1x719* + 1x643   (* foreign)"
1363,928203,58653,0.063190,4,1,0,"p=7 q=13: 1x677* + 1x343 + 1x343   (* foreign)"
1364,929566,118341,0.127308,3,1,0,"p=877 q=3: 1x877 + 1x487*   (* foreign)"
1365,930930,100576,0.108038,4,1,0,"p=449 q=233: 1x467* + 1x449 + 1x449   (* foreign)"
1366,932295,465806,0.499634,2,1,0,"p=683 q=2: 2x683"
1368,935028,158603,0.169624,3,1,0,"p=571 q=199: 1x797* + 1x571   (* foreign)"
1370,937765,118341,0.126195,3,1,0,"p=883 q=3: 1x883 + 1x487*   (* foreign)"
1371,939135,312588,0.332847,2,1,0,"p=457 q=3: 3x457"
1372,940506,234612,0.249453,3,1,0,"p=7 q=2: 4x343"
1374,943251,171991,0.182339,3,1,0,"p=787 q=293: 1x787 + 1x587*   (* foreign)"
1375,944625,130816,0.138485,3,1,0,"p=2 q=431: 1x863* + 1x512   (* foreign)"
1376,946000,98432,0.104051,4,1,0,"p=607 q=2: 1x769* + 1x607   (* foreign)"
1377,947376,100576,0.106163,4,1,0,"p=449 q=239: 1x479* + 1x449 + 1x449   (* foreign)"
1378,948753,216811,0.228522,3,1,0,"p=659 q=359: 1x719* + 1x659   (* foreign)"
1379,950131,135142,0.142235,3,1,0,"p=197 q=7: 7x197"
1380,951510,218130,0.229246,3,1,0,"p=661 q=359: 1x719* + 1x661   (* foreign)"
1382,954271,476790,0.499638,2,1,0,"p=691 q=2: 2x691"
1383,955653,318090,0.332851,2,1,0,"p=461 q=3: 3x461"
1384,957036,171991,0.179712,3,1,0,"p=797 q=293: 1x797 + 1x587*   (* foreign)"
1385,958420,191130,0.199422,3,1,0,"p=277 q=5: 5x277"
1386,959805,158203,0.164828,3,1,0,"p=823 q=281: 1x823 + 1x563*   (* foreign)"
1387,961191,67161,0.069873,4,1,0,"p=367 q=163: 1x653* + 1x367 + 1x367   (* foreign)"
1388,962578,240124,0.249459,3,1,0,"p=347 q=2: 4x347"
1389,963966,320859,0.332853,2,1,0,"p=463 q=3: 3x463"
1390,965355,158603,0.164295,3,1,0,"p=593 q=199: 1x797* + 1x593   (* foreign)"
1391,966745,96410,0.099726,4,1,0,"p=311 q=2: 1x769* + 2x311   (* foreign)"
1392,968136,226128,0.233570,3,1,0,"p=673 q=359: 1x719* + 1x673   (* foreign)"
1393,969528,137907,0.142241,3,1,0,"p=199 q=7: 7x199"
1394,970921,118341,0.121885,3,1,0,"p=487 q=151: 1x907* + 1x487   (* foreign)"
1395,972315,97656,0.100437,4,1,0,"p=313 q=2: 1x769* + 2x313   (* foreign)"
1396,973710,242904,0.249462,3,1,0,"p=349 q=2: 4x349"
1397,975106,88011,0.090258,4,1,0,"p=127 q=11: 11x127"
1398,976503,171991,0.176130,3,1,0,"p=811 q=293: 1x811 + 1x587*   (* foreign)"
1400,979300,112751,0.115134,3,1,0,"p=577 q=137: 1x823* + 1x577   (* foreign)"
1401,980700,326433,0.332857,2,1,0,"p=467 q=3: 3x467"
1402,982101,490700,0.499643,2,1,0,"p=701 q=2: 2x701"
1403,983503,98432,0.100083,4,1,0,"p=317 q=2: 1x769* + 2x317   (* foreign)"
1404,984906,158603,0.161034,3,1,0,"p=607 q=199: 1x797* + 1x607   (* foreign)"
1405,986310,196700,0.199430,3,1,0,"p=281 q=5: 5x281"
1406,987715,124251,0.125796,3,1,0,"p=499 q=151: 1x907* + 1x499   (* foreign)"
1407,989121,73153,0.073958,4,1,0,"p=2 q=191: 1x1024 + 1x383*   (* foreign)"
1408,990528,171991,0.173636,3,1,0,"p=821 q=293: 1x821 + 1x587*   (* foreign)"
1410,993345,238395,0.239992,3,1,0,"p=691 q=359: 1x719* + 1x691   (* foreign)"
1411,994755,71631,0.072009,4,1,0,"p=379 q=163: 1x653* + 1x379 + 1x379   (* foreign)"
1412,996166,248512,0.249468,3,1,0,"p=353 q=2: 4x353"
1413,997578,110214,0.110482,4,1,0,"p=157 q=3: 9x157"
1414,998991,171991,0.172165,3,1,0,"p=827 q=293: 1x827 + 1x587*   (* foreign)"
1415,1000405,199515,0.199434,3,1,0,"p=283 q=5: 5x283"
1416,1001820,171991,0.171679,3,1,0,"p=829 q=293: 1x829 + 1x587*   (* foreign)"
1417,1003236,104196,0.103860,4,1,0,"p=457 q=251: 1x503* + 1x457 + 1x457   (* foreign)"
1418,1004653,501972,0.499647,2,1,0,"p=709 q=2: 2x709"
1419,1006071,130816,0.130027,3,1,0,"p=2 q=151: 1x907* + 1x512   (* foreign)"
1420,1007490,245350,0.243526,3,1,0,"p=701 q=359: 1x719* + 1x701   (* foreign)"
1421,1008910,108811,0.107850,4,1,0,"p=467 q=3: 1x487* + 1x467 + 1x467   (* foreign)"
1422,1010331,158603,0.156981,3,1,0,"p=5 q=199: 1x797* + 1x625   (* foreign)"
1424,1013176,118341,0.116802,3,1,0,"p=937 q=3: 1x937 + 1x487*   (* foreign)"
1425,1014600,108811,0.107245,4,1,0,"p=479 q=233: 1x479 + 1x479 + 1x467*   (* foreign)"
1426,1016025,171991,0.169278,3,1,0,"p=587 q=419: 1x839* + 1x587   (* foreign)"
1428,1018878,250986,0.246336,3,1,0,"p=709 q=359: 1x719* + 1x709   (* foreign)"
1430,1021735,136503,0.133599,3,1,0,"p=523 q=151: 1x907* + 1x523   (* foreign)"
1431,1023165,98432,0.096203,4,1,0,"p=331 q=2: 1x769* + 2x331   (* foreign)"
1432,1024596,175528,0.171314,3,1,0,"p=593 q=419: 1x839* + 1x593   (* foreign)"
1434,1027461,162735,0.158386,3,1,0,"p=571 q=431: 1x863* + 1x571   (* foreign)"
1435,1028895,77423,0.075249,4,1,0,"p=439 q=139: 1x557* + 1x439 + 1x439   (* foreign)"
1436,1030330,257044,0.249477,3,1,0,"p=359 q=2: 4x359"
1437,1031766,343443,0.332869,2,1,0,"p=479 q=3: 3x479"
1438,1033203,516242,0.499652,2,1,0,"p=719 q=2: 2x719"
1440,1036080,180300,0.174021,3,1,0,"p=601 q=419: 1x839* + 1x601   (* foreign)"
1441,1037520,108811,0.104876,4,1,0,"p=487 q=233: 1x487 + 1x487 + 1x467*   (* foreign)"
1442,1038961,112751,0.108523,4,1,0,"p=619 q=137: 1x823* + 1x619   (* foreign)"
1443,1040403,98432,0.094609,4,1,0,"p=337 q=2: 1x769* + 2x337   (* foreign)"
1444,1041846,259920,0.249480,3,1,0,"p=19 q=2: 4x361"
1445,1043290,208080,0.199446,3,1,0,"p=17 q=5: 5x289"
1446,1044735,258121,0.247068,3,1,0,"p=727 q=359: 1x727 + 1x719*   (* foreign)"
1448,1047628,258121,0.246386,3,1,0,"p=3 q=359: 1x729 + 1x719*   (* foreign)"
1449,1049076,108811,0.103721,4,1,0,"p=491 q=233: 1x491 + 1x491 + 1x467*   (* foreign)"
1450,1050525,171991,0.163719,3,1,0,"p=587 q=431: 1x863* + 1x587   (* foreign)"
1452,1053426,258121,0.245030,3,1,0,"p=733 q=359: 1x733 + 1x719*   (* foreign)"
1454,1056331,527802,0.499656,2,1,0,"p=727 q=2: 2x727"
1455,1057785,98432,0.093055,4,1,0,"p=7 q=2: 1x769* + 2x343   (* foreign)"
1456,1059240,190036,0.179408,3,1,0,"p=617 q=419: 1x839* + 1x617   (* foreign)"
1457,1060696,63757,0.060109,5,1,0,"p=419 q=103: 1x619* + 1x419 + 1x419   (* foreign)"
1458,1062153,530712,0.499657,2,1,0,"p=3 q=2: 2x729"
1460,1065070,103097,0.096798,4,1,0,"p=673 q=131: 1x787* + 1x673   (* foreign)"
1461,1066530,355023,0.332877,2,1,0,"p=487 q=3: 3x487"
1462,1067991,258121,0.241688,3,1,0,"p=743 q=359: 1x743 + 1x719*   (* foreign)"
1463,1069453,98432,0.092040,4,1,0,"p=347 q=2: 1x769* + 2x347   (* foreign)"
1464,1070916,195000,0.182087,3,1,0,"p=5 q=419: 1x839* + 1x625   (* foreign)"
1465,1072380,213890,0.199454,3,1,0,"p=293 q=5: 5x293"
1466,1073845,536556,0.499659,2,1,0,"p=733 q=2: 2x733"
1467,1075311,118827,0.110505,4,1,0,"p=163 q=3: 9x163"
1468,1076778,268644,0.249489,3,1,0,"p=367 q=2: 4x367"
1469,1078246,118341,0.109753,4,1,0,"p=491 q=3: 1x491 + 1x491 + 1x487*   (* foreign)"
1470,1079715,258121,0.239064,3,1,0,"p=751 q=359: 1x751 + 1x719*   (* foreign)"
1472,1082656,93528,0.086388,4,1,0,"p=433 q=173: 1x1039* + 1x433   (* foreign)"
1473,1084128,360885,0.332880,2,1,0,"p=491 q=3: 3x491"
1474,1085601,171991,0.158429,3,1,0,"p=587 q=443: 1x887* + 1x587   (* foreign)"
1475,1087075,98432,0.090548,4,1,0,"p=353 q=2: 1x769* + 2x353   (* foreign)"
1476,1088550,258121,0.237124,3,1,0,"p=757 q=359: 1x757 + 1x719*   (* foreign)"
1477,1090026,155085,0.142276,3,1,0,"p=211 q=7: 7x211"
1478,1091503,545382,0.499661,2,1,0,"p=739 q=2: 2x739"
1479,1092981,80200,0.073377,4,1,0,"p=401 q=13: 1x677* + 1x401 + 1x401   (* foreign)"
1480,1094460,258121,0.235843,3,1,0,"p=761 q=359: 1x761 + 1x719*   (* foreign)"
1482,1097421,206403,0.188080,3,1,0,"p=643 q=419: 1x839* + 1x643   (* foreign)"
1484,1100386,136957,0.124463,3,1,0,"p=577 q=151: 1x907* + 1x577   (* foreign)"
1485,1101870,120295,0.109173,4,1,0,"p=491 q=251: 1x503* + 1x491 + 1x491   (* foreign)"
1486,1103355,551306,0.499663,2,1,0,"p=743 q=2: 2x743"
1488,1106328,258121,0.233313,3,1,0,"p=769 q=359: 1x769 + 1x719*   (* foreign)"
1490,1109305,93875,0.084625,4,1,0,"p=739 q=5: 1x751* + 1x739   (* foreign)"
1491,1110795,108811,0.097958,4,1,0,"p=2 q=233: 1x1024 + 1x467*   (* foreign)"
1492,1112286,277512,0.249497,3,1,0,"p=373 q=2: 4x373"
1494,1115271,198765,0.178221,3,1,0,"p=631 q=431: 1x863* + 1x631   (* foreign)"
1495,1116765,130816,0.117138,3,1,0,"p=2 q=491: 1x983* + 1x512   (* foreign)"
1496,1118260,118341,0.105826,4,1,0,"p=1009 q=3: 1x1009 + 1x487*   (* foreign)"
1497,1119756,372753,0.332888,2,1,0,"p=499 q=3: 3x499"
1498,1121253,216811,0.193365,3,1,0,"p=659 q=419: 1x839* + 1x659   (* foreign)"
1500,1124250,218130,0.194023,3,1,0,"p=661 q=419: 1x839* + 1x661   (* foreign)"
1501,1125750,124251,0.110372,4,1,0,"p=499 q=251: 1x503* + 1x499 + 1x499   (* foreign)"
1502,1127251,563250,0.499667,2,1,0,"p=751 q=2: 2x751"
1503,1128753,124749,0.110519,4,1,0,"p=167 q=3: 9x167"
1504,1130256,205120,0.181481,3,1,0,"p=641 q=431: 1x863* + 1x641   (* foreign)"
1505,1131760,118341,0.104564,4,1,0,"p=509 q=3: 1x509 + 1x509 + 1x487*   (* foreign)"
1506,1133265,258121,0.227768,3,1,0,"p=787 q=359: 1x787 + 1x719*   (* foreign)"
1507,1134771,102476,0.090305,4,1,0,"p=137 q=11: 11x137"
1508,1136278,136957,0.120531,3,1,0,"p=601 q=151: 1x907* + 1x601   (* foreign)"
1509,1137786,378759,0.332891,2,1,0,"p=503 q=3: 3x503"
1510,1139295,208981,0.183430,3,1,0,"p=647 q=431: 1x863* + 1x647   (* foreign)"
1512,1142316,226128,0.197956,3,1,0,"p=673 q=419: 1x839* + 1x673   (* foreign)"
1513,1143828,108811,0.095129,4,1,0,"p=523 q=233: 1x523 + 1x523 + 1x467*   (* foreign)"
1514,1145341,572292,0.499670,2,1,0,"p=757 q=2: 2x757"
1515,1146855,98432,0.085828,4,1,0,"p=373 q=2: 1x769* + 2x373   (* foreign)"
1516,1148370,286524,0.249505,3,1,0,"p=379 q=2: 4x379"
1517,1149886,73153,0.063618,4,1,0,"p=383 q=5: 1x751* + 1x383 + 1x383   (* foreign)"
1518,1151403,198765,0.172629,3,1,0,"p=631 q=443: 1x887* + 1x631   (* foreign)"
1519,1152921,93528,0.081123,4,1,0,"p=433 q=163: 1x653* + 1x433 + 1x433   (* foreign)"
1520,1154440,136957,0.118635,3,1,0,"p=613 q=151: 1x907* + 1x613   (* foreign)"
1521,1155960,127764,0.110526,4,1,0,"p=13 q=3: 9x169"
1522,1157481,578360,0.499671,2,1,0,"p=761 q=2: 2x761"
1524,1160526,218130,0.187958,3,1,0,"p=661 q=431: 1x863* + 1x661   (* foreign)"
1525,1162050,114481,0.098516,4,1,0,"p=523 q=239: 1x523 + 1x523 + 1x479*   (* foreign)"
1526,1163575,158603,0.136307,3,1,0,"p=3 q=199: 1x797* + 1x729   (* foreign)"
1527,1165101,387858,0.332896,2,1,0,"p=509 q=3: 3x509"
1528,1166628,258121,0.221254,3,1,0,"p=809 q=359: 1x809 + 1x719*   (* foreign)"
1529,1168156,118341,0.101306,4,1,0,"p=521 q=3: 1x521 + 1x521 + 1x487*   (* foreign)"
1530,1169685,258121,0.220676,3,1,0,"p=811 q=359: 1x811 + 1x719*   (* foreign)"
1532,1172746,292612,0.249510,3,1,0,"p=383 q=2: 4x383"
1533,1174278,118341,0.100778,4,1,0,"p=523 q=3: 1x523 + 1x523 + 1x487*   (* foreign)"
1534,1175811,208981,0.177733,3,1,0,"p=647 q=443: 1x887* + 1x647   (* foreign)"
1535,1177345,234855,0.199478,3,1,0,"p=307 q=5: 5x307"
1536,1178880,392448,0.332899,2,1,0,"p=2 q=3: 3x512"
1537,1180416,118341,0.100254,4,1,0,"p=487 q=281: 1x563* + 1x487 + 1x487   (* foreign)"
1538,1181953,590592,0.499675,2,1,0,"p=769 q=2: 2x769"
1539,1183491,97903,0.082724,4,1,0,"p=443 q=163: 1x653* + 1x443 + 1x443   (* foreign)"
1540,1185030,258121,0.217818,3,1,0,"p=821 q=359: 1x821 + 1x719*   (* foreign)"
1541,1186570,74112,0.062459,5,1,0,"p=193 q=2: 4x193 + 1x769*   (* foreign)"
1542,1188111,258121,0.217253,3,1,0,"p=823 q=359: 1x823 + 1x719*   (* foreign)"
1544,1191196,148224,0.124433,3,1,0,"p=193 q=2: 8x193"
1545,1192740,126253,0.105851,4,1,0,"p=521 q=251: 1x521 + 1x521 + 1x503*   (* foreign)"
1546,1194285,596756,0.499676,2,1,0,"p=773 q=2: 2x773"
1547,1195831,98432,0.082313,4,1,0,"p=389 q=2: 2x389 + 1x769*   (* foreign)"
1548,1197378,258121,0.215572,3,1,0,"p=829 q=359: 1x829 + 1x719*   (* foreign)"
1550,1200475,136957,0.114086,3,1,0,"p=643 q=151: 1x907* + 1x643   (* foreign)"
1551,1202025,130816,0.108830,4,1,0,"p=2 q=173: 1x1039* + 1x512   (* foreign)"
1552,1203576,161596,0.134263,3,1,0,"p=569 q=491: 1x983* + 1x569   (* foreign)"
1554,1206681,238395,0.197563,3,1,0,"p=691 q=431: 1x863* + 1x691   (* foreign)"
1555,1208235,241025,0.199485,3,1,0,"p=311 q=5: 5x311"
1556,1209790,301864,0.249518,3,1,0,"p=389 q=2: 4x389"
1557,1211346,133902,0.110540,4,1,0,"p=173 q=3: 9x173"
1558,1212903,258121,0.212813,3,1,0,"p=719 q=419: 1x839* + 1x719   (* foreign)"
1560,1216020,258121,0.212267,3,1,0,"p=29 q=359: 1x841 + 1x719*   (* foreign)"
1561,1217580,173271,0.142308,3,1,0,"p=223 q=7: 7x223"
1562,1219141,136503,0.111967,3,1,0,"p=523 q=173: 1x1039* + 1x523   (* foreign)"
1563,1220703,406380,0.332907,2,1,0,"p=521 q=3: 3x521"
1564,1222266,245350,0.200734,3,1,0,"p=701 q=431: 1x863* + 1x701   (* foreign)"
1565,1223830,244140,0.199488,3,1,0,"p=313 q=5: 5x313"
1566,1225395,263901,0.215360,3,1,0,"p=727 q=419: 1x839* + 1x727   (* foreign)"
1568,1228528,265356,0.215995,3,1,0,"p=3 q=419: 1x839* + 1x729   (* foreign)"
1569,1230096,409509,0.332908,2,1,0,"p=523 q=3: 3x523"
1570,1231665,232903,0.189096,3,1,0,"p=683 q=443: 1x887* + 1x683   (* foreign)"
1572,1234806,268278,0.217263,3,1,0,"p=733 q=419: 1x839* + 1x733   (* foreign)"
1573,1236378,114481,0.092594,4,1,0,"p=547 q=239: 1x547 + 1x547 + 1x479*   (* foreign)"
1574,1237951,618582,0.499682,2,1,0,"p=787 q=2: 2x787"
1575,1239525,106030,0.085541,4,1,0,"p=461 q=163: 1x653* + 1x461 + 1x461   (* foreign)"
1576,1241100,258121,0.207978,3,1,0,"p=857 q=359: 1x857 + 1x719*   (* foreign)"
1577,1242676,68801,0.055365,5,1,0,"p=467 q=107: 1x643* + 1x467 + 1x467   (* foreign)"
1578,1244253,272691,0.219160,3,1,0,"p=739 q=419: 1x839* + 1x739   (* foreign)"
1580,1247410,146070,0.117099,3,1,0,"p=541 q=173: 1x1039* + 1x541   (* foreign)"
1581,1248990,129286,0.103512,4,1,0,"p=509 q=281: 1x563* + 1x509 + 1x509   (* foreign)"
1582,1250571,275653,0.220422,3,1,0,"p=743 q=419: 1x839* + 1x743   (* foreign)"
1584,1253736,180300,0.143810,3,1,0,"p=601 q=491: 1x983* + 1x601   (* foreign)"
1585,1255320,250430,0.199495,3,1,0,"p=317 q=5: 5x317"
1586,1256905,149331,0.118809,3,1,0,"p=547 q=173: 1x1039* + 1x547   (* foreign)"
1587,1258491,418968,0.332913,2,1,0,"p=23 q=3: 3x529"
1588,1260078,314424,0.249527,3,1,0,"p=397 q=2: 4x397"
1589,1261666,179557,0.142317,3,1,0,"p=227 q=7: 7x227"
1590,1263255,281625,0.222936,3,1,0,"p=751 q=419: 1x839* + 1x751   (* foreign)"
1591,1264845,104196,0.082378,4,1,0,"p=457 q=13: 1x677* + 1x457 + 1x457   (* foreign)"
1592,1266436,265356,0.209530,3,1,0,"p=3 q=431: 1x863* + 1x729   (* foreign)"
1593,1268028,126253,0.099566,4,1,0,"p=503 q=293: 1x587* + 1x503 + 1x503   (* foreign)"
1594,1269621,634412,0.499686,2,1,0,"p=797 q=2: 2x797"
1595,1271215,64021,0.050362,5,1,0,"p=359 q=73: 1x877* + 1x359 + 1x359   (* foreign)"
1596,1272810,286146,0.224814,3,1,0,"p=757 q=419: 1x839* + 1x757   (* foreign)"
1598,1276003,136957,0.107333,4,1,0,"p=691 q=151: 1x907* + 1x691   (* foreign)"
1599,1277601,130816,0.102392,4,1,0,"p=2 q=181: 1x1087* + 1x512   (* foreign)"
1600,1279200,289180,0.226063,3,1,0,"p=761 q=419: 1x839* + 1x761   (* foreign)"
1602,1282401,272691,0.212641,3,1,0,"p=739 q=431: 1x863* + 1x739   (* foreign)"
1603,1284003,182742,0.142322,3,1,0,"p=229 q=7: 7x229"
1604,1285606,320800,0.249532,3,1,0,"p=401 q=2: 4x401"
1605,1287210,135460,0.105235,4,1,0,"p=521 q=281: 1x563* + 1x521 + 1x521   (* foreign)"
1606,1288815,275653,0.213881,3,1,0,"p=743 q=431: 1x863* + 1x743   (* foreign)"
1608,1292028,295296,0.228552,3,1,0,"p=769 q=419: 1x839* + 1x769   (* foreign)"
1610,1295245,162735,0.125640,3,1,0,"p=571 q=173: 1x1039* + 1x571   (* foreign)"
1611,1296855,171991,0.132622,3,1,0,"p=2 q=293: 1x1024 + 1x587*   (* foreign)"
1612,1298466,298378,0.229793,3,1,0,"p=773 q=419: 1x839* + 1x773   (* foreign)"
1614,1301691,281625,0.216353,3,1,0,"p=751 q=431: 1x863* + 1x751   (* foreign)"
1615,1303305,88410,0.067835,4,1,0,"p=421 q=193: 1x773* + 1x421 + 1x421   (* foreign)"
1616,1304920,265356,0.203350,3,1,0,"p=3 q=443: 1x887* + 1x729   (* foreign)"
1617,1306536,126253,0.096632,4,1,0,"p=557 q=251: 1x557 + 1x557 + 1x503*   (* foreign)"
1618,1308153,653672,0.499691,2,1,0,"p=809 q=2: 2x809"
1620,1311390,286146,0.218201,3,1,0,"p=757 q=431: 1x863* + 1x757   (* foreign)"
1622,1314631,656910,0.499692,2,1,0,"p=811 q=2: 2x811"
1623,1316253,438210,0.332922,2,1,0,"p=541 q=3: 3x541"
1624,1317876,289180,0.219429,3,1,0,"p=761 q=431: 1x863* + 1x761   (* foreign)"
