class,pinned_value,result,edges,nodes_note
0,0,UNSAT,0,0s
0,1,SAT,0,52s
1,0,SAT,25,62s
1,1,SAT,25,0s
2,0,SAT,20,0s
2,1,SAT,20,64s
3,0,SAT,45,57s
3,1,UNSAT,45,0s
4,0,SAT,10,0s
4,1,SAT,10,60s
5,0,SAT,35,60s
5,1,SAT,35,0s
6,0,SAT,10,0s
6,1,SAT,10,59s
7,0,SAT,35,58s
7,1,SAT,35,74s
8,0,SAT,36,63s
8,1,SAT,36,0s
9,0,SAT,9,0s
9,1,SAT,9,55s
10,0,SAT,18,13s
10,1,SAT,18,11s
11,0,SAT,27,48s
11,1,SAT,27,2s
12,0,SAT,27,52s
12,1,SAT,27,6s
13,0,SAT,9,6s
13,1,SAT,9,53s
14,0,SAT,36,51s
14,1,SAT,36,11s
15,0,SAT,18,6s
15,1,SAT,18,52s
16,0,SAT,9,0s
16,1,SAT,9,51s
17,0,SAT,18,12s
17,1,SAT,18,11s
18,0,SAT,18,9s
18,1,SAT,18,22s
19,0,SAT,27,51s
19,1,SAT,27,34s
20,0,SAT,18,22s
20,1,SAT,18,31s
21,0,SAT,27,51s
21,1,SAT,27,4s
22,0,SAT,27,48s
22,1,SAT,27,6s
23,0,SAT,36,53s
23,1,SAT,36,0s
24,0,SAT,40,54s
24,1,UNSAT,40,0s
25,0,UNSAT,5,0s
25,1,SAT,5,58s
26,0,SAT,20,2s
26,1,SAT,20,127s
27,0,SAT,25,126s
27,1,SAT,25,2s
28,0,SAT,20,20s
28,1,SAT,20,4s
29,0,SAT,25,18s
29,1,SAT,25,8s
30,0,SAT,30,13s
30,1,SAT,30,0s
31,0,SAT,15,0s
31,1,SAT,15,13s
32,0,SAT,5,0s
32,1,SAT,5,55s
33,0,SAT,30,56s
33,1,SAT,30,0s
34,0,SAT,15,0s
34,1,SAT,15,57s
35,0,SAT,40,56s
35,1,SAT,40,0s
36,0,UNSAT,10,0s
36,1,SAT,10,64s
37,0,SAT,20,28s
37,1,SAT,20,0s
38,0,SAT,30,14s
38,1,SAT,30,3s
39,0,SAT,30,61s
39,1,SAT,30,0s
40,0,SAT,15,0s
40,1,SAT,15,112s
41,0,SAT,15,3s
41,1,SAT,15,3s
42,0,SAT,25,15s
42,1,SAT,25,28s
43,0,SAT,35,64s
43,1,UNSAT,35,0s
44,0,SAT,20,13s
44,1,SAT,20,45s
45,0,SAT,30,57s
45,1,SAT,30,444s
46,0,UNSAT,5,0s
46,1,SAT,5,57s
47,0,SAT,15,21s
47,1,SAT,15,35s
48,0,UNSAT,6,0s
48,1,SAT,6,57s
49,0,SAT,16,0s
49,1,SAT,16,57s
50,0,SAT,26,38s
50,1,SAT,26,20s
51,0,CAP,11,848s
51,1,SAT,11,59s
52,0,SAT,21,52s
52,1,SAT,21,10s
53,0,SAT,31,58s
53,1,SAT,31,43s
54,0,SAT,41,57s
54,1,UNSAT,41,0s
55,0,UNSAT,4,0s
55,1,SAT,4,59s
56,0,SAT,14,0s
56,1,SAT,14,65s
57,0,SAT,24,31s
57,1,SAT,24,29s
58,0,SAT,34,59s
58,1,CAP,34,810s
59,0,SAT,19,46s
59,1,SAT,19,17s
60,0,SAT,29,60s
60,1,CAP,29,804s
61,0,SAT,39,60s
61,1,UNSAT,39,0s
62,0,SAT,30,50s
62,1,SAT,30,8s
63,0,SAT,40,61s
63,1,UNSAT,40,0s
64,0,SAT,15,17s
64,1,SAT,15,40s
65,0,SAT,25,58s
65,1,SAT,25,2s
66,0,SAT,25,40s
66,1,SAT,25,17s
67,0,SAT,10,3s
67,1,SAT,10,57s
68,0,SAT,11,0s
68,1,SAT,11,65s
69,0,SAT,31,61s
69,1,CAP,31,442s
70,0,SAT,16,25s
70,1,SAT,16,40s
71,0,SAT,36,59s
71,1,SAT,36,0s
72,0,SAT,9,0s
72,1,SAT,9,57s
73,0,SAT,29,55s
73,1,SAT,29,1s
74,0,SAT,14,15s
74,1,SAT,14,43s
75,0,SAT,34,58s
75,1,CAP,34,987s
76,0,SAT,35,57s
76,1,SAT,35,7s
77,0,SAT,20,44s
77,1,SAT,20,14s
78,0,SAT,21,62s
78,1,SAT,21,5s
79,0,SAT,21,20s
79,1,SAT,21,45s
80,0,SAT,42,62s
80,1,UNSAT,42,0s
81,0,UNSAT,3,0s
81,1,SAT,3,66s
82,0,SAT,24,57s
82,1,SAT,24,6s
83,0,SAT,24,20s
83,1,SAT,24,43s
84,0,CAP,12,523s
84,1,SAT,12,48s
85,0,UNSAT,3,0s
85,1,SAT,3,57s
86,0,SAT,36,61s
86,1,CAP,36,1178s
87,0,SAT,27,35s
87,1,SAT,27,19s
88,0,SAT,18,35s
88,1,SAT,18,20s
89,0,CAP,9,822s
89,1,SAT,9,56s
90,0,SAT,42,56s
90,1,UNSAT,42,0s
91,0,SAT,33,54s
91,1,CAP,33,357s
92,0,UNSAT,6,0s
92,1,SAT,6,54s
93,0,SAT,6,0s
93,1,SAT,6,53s
94,0,SAT,9,62s
94,1,SAT,9,53s
95,0,SAT,9,0s
95,1,SAT,9,53s
96,0,SAT,30,53s
96,1,CAP,30,444s
97,0,SAT,30,54s
97,1,SAT,30,10s
98,0,SAT,33,53s
98,1,SAT,33,6s
99,0,SAT,33,53s
99,1,SAT,33,38s
100,0,SAT,12,3s
100,1,SAT,12,51s
101,0,SAT,12,2s
101,1,SAT,12,48s
102,0,SAT,15,4s
102,1,SAT,15,50s
103,0,SAT,15,3s
103,1,SAT,15,45s
104,0,SAT,36,53s
104,1,SAT,36,0s
105,0,SAT,36,53s
105,1,SAT,36,6s
106,0,SAT,39,53s
106,1,SAT,39,0s
107,0,SAT,39,53s
107,1,UNSAT,39,0s
108,0,SAT,7,0s
108,1,SAT,7,56s
109,0,SAT,14,22s
109,1,SAT,14,36s
110,0,SAT,28,53s
110,1,SAT,28,18s
111,0,SAT,35,56s
111,1,CAP,35,343s
112,0,SAT,10,1s
112,1,SAT,10,48s
113,0,SAT,17,7s
113,1,SAT,17,28s
114,0,SAT,31,52s
114,1,SAT,31,13s
115,0,SAT,38,55s
115,1,SAT,38,0s
116,0,CAP,12,427s
116,1,SAT,12,52s
117,0,SAT,18,20s
117,1,SAT,18,35s
118,0,SAT,9,0s
118,1,SAT,9,55s
119,0,SAT,15,7s
119,1,SAT,15,50s
120,0,SAT,15,8s
120,1,SAT,15,46s
121,0,SAT,21,42s
121,1,CAP,21,826s
122,0,SAT,27,42s
122,1,SAT,27,11s
123,0,SAT,33,59s
123,1,SAT,33,1s
124,0,SAT,27,48s
124,1,SAT,27,12s
125,0,SAT,12,3s
125,1,SAT,12,60s
126,0,SAT,18,27s
126,1,SAT,18,28s
127,0,SAT,30,57s
127,1,SAT,30,1s
128,0,SAT,24,34s
128,1,SAT,24,29s
129,0,SAT,30,54s
129,1,SAT,30,1s
130,0,SAT,36,54s
130,1,SAT,36,0s
131,0,SAT,18,25s
131,1,SAT,18,31s
132,0,SAT,27,50s
132,1,SAT,27,5s
133,0,SAT,33,53s
133,1,SAT,33,17s
134,0,SAT,18,10s
134,1,SAT,18,54s
135,0,SAT,30,56s
135,1,CAP,30,364s
136,0,SAT,21,34s
136,1,SAT,21,46s
137,0,SAT,33,56s
137,1,SAT,33,1s
138,0,UNSAT,6,0s
138,1,SAT,6,55s
139,0,SAT,18,49s
139,1,SAT,18,32s
140,0,SAT,9,0s
140,1,SAT,9,56s
141,0,SAT,15,25s
141,1,SAT,15,43s
142,0,UNSAT,6,0s
142,1,SAT,6,55s
143,0,SAT,18,43s
143,1,SAT,18,30s
144,0,SAT,21,16s
144,1,SAT,21,50s
145,0,SAT,33,58s
145,1,SAT,33,0s
146,0,SAT,24,55s
146,1,SAT,24,41s
147,0,SAT,9,1s
147,1,SAT,9,56s
148,0,SAT,21,49s
148,1,SAT,21,24s
149,0,CAP,12,502s
149,1,SAT,12,55s
150,0,SAT,27,46s
150,1,SAT,27,24s
151,0,SAT,39,56s
151,1,UNSAT,39,0s
152,0,SAT,30,53s
152,1,SAT,30,8s
153,0,SAT,42,57s
153,1,UNSAT,42,0s
154,0,UNSAT,3,0s
154,1,SAT,3,57s
155,0,SAT,15,28s
155,1,SAT,15,49s
156,0,UNSAT,6,0s
156,1,SAT,6,58s
157,0,SAT,18,50s
157,1,SAT,18,33s
158,0,SAT,33,57s
158,1,CAP,33,504s
159,0,SAT,24,52s
159,1,SAT,24,39s
160,0,SAT,36,56s
160,1,SAT,36,1s
161,0,SAT,21,52s
161,1,SAT,21,24s
162,0,SAT,12,0s
162,1,SAT,12,54s
163,0,SAT,24,55s
163,1,SAT,24,48s
164,0,SAT,27,48s
164,1,SAT,27,21s
165,0,SAT,39,55s
165,1,UNSAT,39,0s
166,0,SAT,30,54s
166,1,SAT,30,3s
167,0,SAT,36,55s
167,1,SAT,36,0s
168,0,SAT,27,54s
168,1,SAT,27,21s
169,0,SAT,39,57s
169,1,UNSAT,39,0s
170,0,SAT,12,1s
170,1,SAT,12,60s
171,0,SAT,24,52s
171,1,CAP,24,782s
172,0,SAT,15,53s
172,1,SAT,15,65s
173,0,SAT,27,60s
173,1,SAT,27,1s
174,0,SAT,24,55s
174,1,SAT,24,132s
175,0,SAT,15,22s
175,1,SAT,15,68s
176,0,SAT,12,4s
176,1,SAT,12,63s
177,0,SAT,12,2s
177,1,SAT,12,62s
178,0,SAT,30,68s
178,1,SAT,30,6s
179,0,SAT,27,65s
179,1,SAT,27,30s
180,0,SAT,18,45s
180,1,SAT,18,44s
181,0,SAT,15,2s
181,1,SAT,15,60s
182,0,SAT,36,63s
182,1,SAT,36,0s
183,0,SAT,33,65s
183,1,SAT,33,0s
184,0,SAT,12,2s
184,1,SAT,12,59s
185,0,SAT,9,0s
185,1,SAT,9,65s
186,0,SAT,30,63s
186,1,SAT,30,7s
187,0,SAT,27,50s
187,1,SAT,27,18s
188,0,SAT,18,46s
188,1,SAT,18,54s
189,0,SAT,15,5s
189,1,SAT,15,62s
190,0,SAT,33,63s
190,1,SAT,33,0s
191,0,SAT,33,59s
191,1,SAT,33,4s
192,0,SAT,30,56s
192,1,CAP,30,340s
193,0,SAT,21,61s
193,1,SAT,21,41s
194,0,SAT,24,51s
194,1,SAT,24,65s
195,0,SAT,27,58s
195,1,SAT,27,72s
196,0,SAT,12,15s
196,1,SAT,12,60s
197,0,SAT,15,42s
197,1,SAT,15,58s
198,0,SAT,9,0s
198,1,SAT,9,58s
199,0,SAT,12,7s
199,1,SAT,12,55s
200,0,SAT,27,61s
200,1,SAT,27,66s
201,0,SAT,30,56s
201,1,CAP,30,441s
202,0,SAT,15,49s
202,1,SAT,15,54s
203,0,SAT,18,55s
203,1,SAT,18,47s
204,0,SAT,33,50s
204,1,CAP,33,723s
205,0,SAT,36,54s
205,1,SAT,36,0s
206,0,SAT,9,0s
206,1,SAT,9,47s
207,0,SAT,12,1s
207,1,SAT,12,59s
208,0,SAT,27,56s
208,1,SAT,27,68s
209,0,SAT,30,61s
209,1,SAT,30,52s
210,0,SAT,15,53s
210,1,SAT,15,62s
211,0,SAT,18,56s
211,1,SAT,18,41s
212,0,SAT,33,51s
212,1,CAP,33,670s
213,0,SAT,36,60s
213,1,SAT,36,0s
214,0,SAT,30,64s
214,1,SAT,30,55s
215,0,SAT,33,55s
215,1,SAT,33,16s
216,0,SAT,18,54s
216,1,SAT,18,45s
217,0,SAT,21,55s
217,1,SAT,21,29s
218,0,SAT,15,13s
218,1,SAT,15,51s
219,0,SAT,21,24s
219,1,SAT,21,53s
220,0,SAT,24,47s
220,1,SAT,24,34s
221,0,UNSAT,6,0s
221,1,SAT,6,57s
222,0,SAT,15,13s
222,1,SAT,15,52s
223,0,SAT,18,43s
223,1,SAT,18,31s
224,0,SAT,21,23s
224,1,SAT,21,147s
225,0,SAT,24,33s
225,1,SAT,24,37s
226,0,SAT,15,13s
226,1,SAT,15,48s
227,0,SAT,24,46s
227,1,SAT,24,44s
228,0,SAT,27,49s
228,1,SAT,27,8s
229,0,SAT,24,37s
229,1,SAT,24,76s
230,0,SAT,27,46s
230,1,SAT,27,34s
231,0,SAT,33,49s
231,1,SAT,33,3s
232,0,SAT,36,49s
232,1,UNSAT,36,1s
233,0,UNSAT,9,0s
233,1,SAT,9,53s
234,0,SAT,15,18s
234,1,SAT,15,47s
235,0,SAT,18,26s
235,1,SAT,18,43s
236,0,SAT,24,35s
236,1,SAT,24,34s
237,0,SAT,27,41s
237,1,SAT,27,17s
238,0,SAT,18,31s
238,1,SAT,18,38s
239,0,SAT,21,46s
239,1,SAT,21,15s
240,0,SAT,18,36s
240,1,SAT,18,35s
241,0,SAT,21,45s
241,1,CAP,21,358s
242,0,SAT,27,49s
242,1,SAT,27,19s
243,0,SAT,30,48s
243,1,SAT,30,3s
244,0,SAT,12,3s
244,1,SAT,12,49s
245,0,SAT,18,41s
245,1,SAT,18,43s
246,0,SAT,21,49s
246,1,SAT,21,28s
247,0,SAT,27,46s
247,1,SAT,27,17s
248,0,SAT,30,49s
248,1,SAT,30,2s
249,0,SAT,21,45s
249,1,SAT,21,20s
250,0,SAT,24,48s
250,1,SAT,24,5s
251,0,SAT,30,48s
251,1,SAT,30,88s
252,0,SAT,39,49s
252,1,UNSAT,39,0s
253,0,SAT,21,41s
253,1,SAT,21,20s
254,0,SAT,24,48s
254,1,CAP,24,699s
255,0,SAT,30,46s
255,1,SAT,30,2s
256,0,UNSAT,4,0s
256,1,SAT,4,49s
257,0,UNSAT,2,0s
257,1,SAT,2,49s
258,0,CAP,16,461s
258,1,SAT,16,45s
259,0,SAT,20,32s
259,1,SAT,20,40s
260,0,CAP,18,434s
260,1,SAT,18,45s
261,0,SAT,22,32s
261,1,SAT,22,30s
262,0,SAT,8,0s
262,1,SAT,8,48s
263,0,SAT,6,0s
263,1,SAT,6,49s
264,0,SAT,24,33s
264,1,SAT,24,36s
265,0,SAT,22,32s
265,1,SAT,22,38s
266,0,SAT,8,19s
266,1,SAT,8,49s
267,0,CAP,10,370s
267,1,SAT,10,47s
268,0,SAT,14,10s
268,1,SAT,14,40s
269,0,SAT,28,41s
269,1,SAT,28,19s
270,0,SAT,26,42s
270,1,SAT,26,22s
271,0,UNSAT,8,0s
271,1,SAT,8,49s
272,0,UNSAT,6,0s
272,1,SAT,6,49s
273,0,SAT,10,0s
273,1,SAT,10,55s
274,0,SAT,24,51s
274,1,SAT,24,27s
275,0,SAT,22,12s
275,1,SAT,22,27s
276,0,SAT,26,51s
1011,0,CAP,13,495s
276,1,SAT,26,340s
277,0,UNSAT,8,0s
277,1,SAT,8,55s
278,0,SAT,12,0s
278,1,SAT,12,52s
279,0,SAT,10,0s
279,1,SAT,10,52s
280,0,SAT,14,0s
280,1,SAT,14,51s
281,0,SAT,24,47s
281,1,SAT,24,1183s
282,0,SAT,28,52s
282,1,CAP,28,1213s
283,0,SAT,26,53s
283,1,SAT,26,67s
284,0,SAT,30,53s
284,1,CAP,30,1471s
285,0,SAT,12,6s
285,1,SAT,12,52s
286,0,SAT,16,30s
286,1,SAT,16,44s
287,0,SAT,14,21s
287,1,SAT,14,50s
288,0,SAT,18,44s
288,1,SAT,18,45s
289,0,SAT,28,54s
289,1,SAT,28,12s
290,0,SAT,32,51s
290,1,CAP,32,3776s
291,0,SAT,30,50s
291,1,SAT,30,39s
292,0,SAT,34,50s
292,1,CAP,34,1493s
293,0,UNSAT,4,0s
293,1,SAT,4,54s
294,0,UNSAT,8,0s
294,1,SAT,8,53s
295,0,SAT,20,12s
295,1,SAT,20,45s
296,0,SAT,24,49s
296,1,CAP,24,1787s
297,0,UNSAT,6,0s
297,1,SAT,6,54s
298,0,SAT,10,0s
298,1,SAT,10,59s
299,0,SAT,8,0s
299,1,SAT,8,57s
300,0,SAT,12,0s
300,1,SAT,12,57s
301,0,SAT,22,25s
301,1,SAT,22,41s
302,0,SAT,26,50s
302,1,SAT,26,23s
303,0,SAT,24,50s
303,1,SAT,24,35s
304,0,SAT,28,50s
304,1,CAP,28,1378s
305,0,SAT,10,6s
305,1,SAT,10,56s
306,0,CAP,14,2303s
306,1,SAT,14,67s
307,0,CAP,12,2124s
307,1,SAT,12,55s
308,0,SAT,16,48s
308,1,SAT,16,46s
309,0,SAT,26,37s
309,1,SAT,26,25s
310,0,SAT,30,56s
310,1,SAT,30,246s
311,0,SAT,28,56s
311,1,SAT,28,16s
312,0,SAT,32,56s
312,1,SAT,32,1s
313,0,SAT,12,0s
313,1,SAT,12,56s
314,0,SAT,28,59s
314,1,SAT,28,5s
315,0,CAP,10,3500s
315,1,SAT,10,62s
316,0,SAT,14,0s
316,1,SAT,14,62s
317,0,SAT,12,0s
317,1,SAT,12,61s
318,0,SAT,26,56s
318,1,SAT,26,32s
319,0,SAT,30,60s
319,1,CAP,30,1889s
320,0,SAT,28,59s
320,1,CAP,28,1893s
321,0,SAT,32,58s
321,1,SAT,32,22s
322,0,SAT,14,15s
322,1,SAT,14,58s
323,0,SAT,16,35s
323,1,SAT,16,48s
324,0,SAT,20,48s
324,1,SAT,20,13s
325,0,SAT,30,60s
325,1,SAT,30,6s
326,0,SAT,34,58s
326,1,CAP,34,3776s
327,0,SAT,32,54s
327,1,CAP,32,1180s
328,0,SAT,36,55s
328,1,SAT,36,2s
329,0,UNSAT,8,0s
329,1,SAT,8,53s
330,0,SAT,12,5s
330,1,SAT,12,61s
331,0,SAT,10,0s
331,1,SAT,10,71s
332,0,SAT,14,13s
332,1,SAT,14,67s
333,0,SAT,24,56s
333,1,SAT,24,48s
334,0,SAT,28,58s
334,1,SAT,28,13s
335,0,SAT,26,46s
335,1,SAT,26,30s
336,0,UNSAT,8,0s
336,1,SAT,8,48s
337,0,SAT,12,0s
337,1,SAT,12,47s
338,0,SAT,10,0s
338,1,SAT,10,47s
339,0,SAT,24,47s
339,1,SAT,24,95s
340,0,SAT,28,48s
340,1,SAT,28,1177s
341,0,SAT,26,46s
341,1,SAT,26,88s
342,0,SAT,30,46s
342,1,SAT,30,83s
343,0,CAP,12,1846s
343,1,SAT,12,67s
344,0,SAT,16,37s
344,1,SAT,16,54s
345,0,CAP,14,2031s
345,1,SAT,14,50s
346,0,SAT,18,32s
346,1,SAT,18,42s
347,0,SAT,28,49s
347,1,CAP,28,2825s
348,0,SAT,32,61s
348,1,SAT,32,136s
349,0,SAT,30,51s
349,1,SAT,30,659s
350,0,SAT,34,47s
350,1,SAT,34,68s
351,0,SAT,16,38s
351,1,SAT,16,46s
352,0,SAT,14,28s
352,1,SAT,14,944s
353,0,SAT,18,486s
353,1,SAT,18,51s
354,0,SAT,32,51s
354,1,SAT,32,24s
355,0,SAT,30,46s
355,1,SAT,30,939s
356,0,SAT,34,388s
356,1,SAT,34,0s
357,0,SAT,16,0s
357,1,SAT,16,48s
358,0,SAT,14,0s
358,1,SAT,14,55s
359,0,SAT,18,0s
359,1,SAT,18,50s
360,0,SAT,32,49s
360,1,SAT,32,39s
361,0,SAT,30,50s
361,1,SAT,30,45s
362,0,SAT,34,51s
362,1,SAT,34,9s
363,0,SAT,16,39s
363,1,SAT,16,48s
364,0,SAT,20,44s
364,1,SAT,20,39s
365,0,SAT,18,48s
365,1,SAT,18,51s
366,0,SAT,22,48s
366,1,SAT,22,39s
367,0,SAT,32,53s
367,1,CAP,32,3052s
368,0,SAT,36,52s
368,1,SAT,36,0s
369,0,SAT,34,52s
369,1,SAT,34,2s
370,0,SAT,38,52s
370,1,SAT,38,0s
371,0,SAT,12,1603s
371,1,SAT,12,50s
372,0,SAT,16,39s
372,1,SAT,16,50s
373,0,SAT,28,51s
373,1,SAT,28,11s
374,0,SAT,32,49s
374,1,SAT,32,13s
375,0,SAT,12,0s
375,1,SAT,12,50s
376,0,SAT,16,0s
376,1,SAT,16,49s
377,0,SAT,28,47s
377,1,SAT,28,49s
378,0,SAT,32,51s
378,1,SAT,32,20s
379,0,CAP,14,1777s
379,1,SAT,14,47s
380,0,SAT,18,43s
380,1,SAT,18,40s
381,0,CAP,16,1965s
381,1,SAT,16,47s
382,0,SAT,20,43s
382,1,SAT,20,36s
383,0,SAT,30,47s
383,1,SAT,30,24s
384,0,SAT,34,52s
384,1,SAT,34,4s
385,0,SAT,32,53s
385,1,SAT,32,16s
386,0,SAT,36,54s
386,1,SAT,36,1s
387,0,SAT,20,52s
387,1,SAT,20,47s
388,0,SAT,36,47s
388,1,UNSAT,36,6s
389,0,SAT,18,42s
389,1,SAT,18,47s
390,0,SAT,22,45s
390,1,SAT,22,17s
391,0,SAT,20,43s
391,1,SAT,20,38s
392,0,SAT,24,46s
392,1,SAT,24,12s
393,0,SAT,38,51s
393,1,UNSAT,38,0s
394,0,SAT,36,52s
394,1,UNSAT,36,1s
395,0,CAP,16,1882s
395,1,SAT,16,49s
396,0,CAP,20,1972s
396,1,SAT,20,51s
397,0,CAP,18,2054s
397,1,SAT,18,50s
